{"version":52,"hash":{"type":"Buffer","data":"2yoW/dXKPIqpYAbgI7xKMgstxlEbUsR8HN+Sa9E/pxHcZV1igrpqqZ9WHcc7P92LVanpcgMhmwbQFSlK0pU4qVFFqXo+VjB/MkGn9NdXOxiMWdpG+zo8WwxLBt1B9o7XjpHe2KIIq3yR4dqYGZxCYnBNQesCCJr9kKoZjjaBvHM="},"indexValueMap":{"AsUERa4U4EhBODP+q78XiUaqgEumdUCmHJitx87DqTs=":{"valueMac":{"type":"Buffer","data":"GVqQlDwsFs68qTxbl481QdmQb/m5MkGbPFavLgQIBV0="}},"BsWhf6JQfIdyhz0CFuGpt78VzxrsX9X6mSuOEeNqrZk=":{"valueMac":{"type":"Buffer","data":"kAFEc4pVHao3594wGW2G6OBvm7NqtfPHtQfZ1ovcpoI="}},"IFjnD+MixwCd4dd+YkODjdGocWo0PzAFs5azPJ4ik4Y=":{"valueMac":{"type":"Buffer","data":"ZRJMVDoeqqei1W7vITuUuyyolz+SA6aEBS1AFkr4ARw="}},"I3ztqCilMDj8dmqYMGITCCSOzrBWHrefYiVzGLXUThE=":{"valueMac":{"type":"Buffer","data":"T8yVXbZcZV7EprV1AJOHSFAMusAjAfDg8QjiYaJev/Y="}},"JuGTaePgme/f/6Yxqgz69E08VGGTyEEK8VD6pbq3D4s=":{"valueMac":{"type":"Buffer","data":"rZZpBKOde1UIoO9qU8wzuHyxIWLLpaG4rKnaGLE8sP0="}},"Mr8CoPBP7PShoE60TTFDJrSdtlpb4g64/lZ/nXvSbTs=":{"valueMac":{"type":"Buffer","data":"7gN8QOsN3w6CgBzTzf8VJcKB5tUzs9MoBmr3+uJN0YM="}},"MwlcNVmfY+j22bn3UNwkEAdi/0RLbPZDrJIDKibB68g=":{"valueMac":{"type":"Buffer","data":"iElEdjh1/7vF0a69bKENz35yzt4xTUKWUqWrCCppQDU="}},"ToQM8FZUQWRM2DyfpM1p7XK4hZkOlk+M+9w0EYqAA8g=":{"valueMac":{"type":"Buffer","data":"o5Ct1svAtk86RGCX6T0o/N6WYXYMq7JZ8f2i2wns03g="}},"UFoWDOejd4+Q1ry0s7SyIOqJbW2xn3Ecztzt3WN5Oew=":{"valueMac":{"type":"Buffer","data":"xHemzgPOlW8XjB9PnT7vWZz4ufJil5H9NSQLDjH9pzE="}},"VVnWov7iHWSZ8v+GerLfQb+KfqNLboioN0IDVlzIxkE=":{"valueMac":{"type":"Buffer","data":"NQxrAmzQlAloe2KbrECAkQIa3QIixWdfU1rtrOzMFRg="}},"X1ZUrTiIFM4JBqEF4gSwwj61PH3R3lYILZLVXxI6CY8=":{"valueMac":{"type":"Buffer","data":"LHQROInyWAFODStP7bfhzqyFdColbhWa7JpCg+wouaw="}},"a5XHXx1LNqgX743L6DdD/HZJ3xDUZWi90mZr2ZKD7hs=":{"valueMac":{"type":"Buffer","data":"znsiNgBbCaagQi0+b2AFm6AGuPuV0kMA7hlUkhzF/AA="}},"g2NsCbI73DMc95/eVAYPGFwct9DmnhBXTagLsswYG7Q=":{"valueMac":{"type":"Buffer","data":"eXW4+Q00qwslmybJA6s1nQo5CpDRTuQfH3fR2sr8D44="}},"lVj3hBdxf6M8DAfIBTiJuaPbK9iChPE678FM1pwg8Ks=":{"valueMac":{"type":"Buffer","data":"T3xHGI/XGc9Q0VHiMUfgBXRDx4GoUcvas0FfR+SLYDU="}},"nc6uvKSqhrZFzLYDxDIpfvKXgmNeERLlyefwp/+bm7g=":{"valueMac":{"type":"Buffer","data":"hElG/MAiQqqyF5eRC361t1UF/ONSR/mcfOUUhw4LjjU="}},"oBngaSmXEAr+5QM1/TDm9qye7Na8ZCIzsHgMwdOntmM=":{"valueMac":{"type":"Buffer","data":"xv/xPFbHp67DDhKVYyIpd5w/yCZ3VIKji+LUI4Z8CNg="}},"qKjZXTn/UrojeGGv9fPPME7a7In3SwbjOinPtCEo9wc=":{"valueMac":{"type":"Buffer","data":"WVJ6Tyx5hUjg9mjkzIn+urqDK1k1OjaYa9oHyPbTZSw="}},"qgIofJTmW+BMtqS41l/Lpg9tZFr/A9YK7ufTSgCKLfI=":{"valueMac":{"type":"Buffer","data":"0W17Z1u2P2ZrcGBAzfZjF8OmOKepx1Rj5YcCgUqtpx4="}},"rCH5j1lpeEXVe0g9CYITlQxsQP5BQRUm0oxqO0ggmsE=":{"valueMac":{"type":"Buffer","data":"rTH0xCtK6DuQpvSKZWgwi9ZRmjKIJoZY+L0kipOSBp0="}},"swIJWRYgcJLeT5uVGjxstgBfZJ9X4iDeTxn6EZIOGRk=":{"valueMac":{"type":"Buffer","data":"oPW7Knon7e/jgiBhYZIluo1Oa+hxC427vb3zTlHSZPY="}},"tc4Z8zU4DTYGDk9CBIAUFdpUesIsSAiPJfwPpkstURU=":{"valueMac":{"type":"Buffer","data":"gro5pRt3P7nBspUamSdo3fGnpEq7nDzX+oAc1I15i+M="}},"yvx/+sC2a0snU/LTEKNl3YgUncNN696tZj60hWreI7k=":{"valueMac":{"type":"Buffer","data":"cnZz05tjAXYzcyLQd+sEt+D6F1Mb8itD17P8xppZ2Go="}},"1fF6BrPqRe+EjQrIVhrI5rjMZ4cFPUDCHBTFF9R8+JU=":{"valueMac":{"type":"Buffer","data":"lGGWDNICo3VJ10ilIL/XPOeL9igWajPEfBWfgfpcRTk="}},"2kFXY52BOTI70mcGaVuhMrRima2rGXNUfTzg2tFP6mE=":{"valueMac":{"type":"Buffer","data":"clxEEPmBc942AHt2Evk+4QgfTcD6zRcKaVmrUOIfHT8="}},"4SOmbCEEJf+8zpsELQ/B0pyB15siO3ahtWDc8xV1Itc=":{"valueMac":{"type":"Buffer","data":"6AGVvxo/e8sjKB0VGLoQKQkGn6zrwkf/dNLK2UZVCiY="}},"5Bp0LswVweeZcLGPWtVcbJTkosbEYGgAvPW2nmwkmkA=":{"valueMac":{"type":"Buffer","data":"WOuv0qGhPQTCrtOrftRzXWq2mGowxSLbMV7lWgCwpf4="}},"5CQzN0WdNLHvJAZt21pSmdZK309zyd1ThjAemVrSKJs=":{"valueMac":{"type":"Buffer","data":"3otCVf1nMtAwDAGxOtnbdkRnhZYhRrakL1UNaRCeHKY="}},"8zzzfzLblYwrReM0Q6tUA/6RSTFBzY6RPabRfM7AWBM=":{"valueMac":{"type":"Buffer","data":"PVKERVynwXIiQNn/JJk2cP1sKj2mkFUz545DZTqPI5Q="}},"9aYlHm2vo5p2gZajzZpX1gQJh3NQnB4xIzI7F5hgxQ0=":{"valueMac":{"type":"Buffer","data":"/VpVOpqqtdeHZb2ePmoHZXM+l5Rt3hhiitCCIb+KrFs="}},"+D0sb6aIwCSVwzuSAMK91tuRpOAATRSMBBj4ii2Okcw=":{"valueMac":{"type":"Buffer","data":"yBbXZRABZSWJfe1MPGdCWJmU757RdSRae6XH6lefpTc="}},"qE4W5GQNbphA7a7rq/yXDFrsbzCMkOxEs6xReWUN/hc=":{"valueMac":{"type":"Buffer","data":"9xh5ECPXxVqDgOQgqIy46DzrpMyzHhMa55Psv0c5wVI="}},"iWiL7YDZg3SSateRJ35bgFZCV2X1L++090iDrGS3fqs=":{"valueMac":{"type":"Buffer","data":"w1H+I4QbNiqAMNj0BieaP8PwAbpv1jn3JN801lgOs2s="}}}}