{"version":213,"hash":{"type":"Buffer","data":"5oi0mYHmxZwnqWMCnbc80y/a5/yvykavWjCY129etgZghkbES5115I5Yd3fsosJ+KKEAu4VKtbQ4DCmNPxtwWuhYxUUsR655m1EKImPxmVz9dWAPjDQ0BnVMGmEvp8Vd0NNkf6sH3+0mLnQ4NCemL3xsE+RxPeca0hEooK9LNM8="},"indexValueMap":{"AUJXnfrJirZ9cKB51GOhBIY/bFCoBeVzeBrUF27Mpb4=":{"valueMac":{"type":"Buffer","data":"u05TvOw+Gul4aV2oURLU4IeFMNdIoJa0tVKjx+7xqdU="}},"Ae9Vp14hSWgnIz4fkSnNGP2C+0sG6fn0Whs0l4lECaY=":{"valueMac":{"type":"Buffer","data":"nDsBlHwnccoserTMR4mi4t8D+kzbp2zpxtsefqbJw/c="}},"ApA+rmW+mJlI/qW+UoKrNscBwDdrHemVBzJ+qBeRFYU=":{"valueMac":{"type":"Buffer","data":"1I35QIz7DiO9LC7tpFP1kvARTKLPVBYI5rpfkX+2KgY="}},"A41Ttft/hAE8xgRjf5uvszvhHXMoyDwOkcShwTpLewU=":{"valueMac":{"type":"Buffer","data":"ojUiKD8IYCjxiFFKyWrWao57J7XwTaD4ElG3LPl6qPg="}},"A6r7h/9VWYp2rclBk38nhvgJD6UGxOZuekirxTCeRZk=":{"valueMac":{"type":"Buffer","data":"FYvJqAUhbDhW73mpw2kZ0mwtCjUp6xNzfdJCxtb1M5E="}},"A7Jz3SifXXsURmbxzeqthQR8jE+adLhADKmk0KbCTKc=":{"valueMac":{"type":"Buffer","data":"TvwPEL/p9qIYW8ziKoaIITbutUaTrabxWAED/L4ujIE="}},"BIMi04HC3WP7YedUPZf2kZ0aQtIduJHAXEld1G3dxok=":{"valueMac":{"type":"Buffer","data":"qxHL4t3ukFEJevgWKtuuKJCOFOXKytGKdiKUJMPjZwc="}},"BOqYLECtgruDnKB/Np+8rfpM8nvG3ACyqxCkM5oH98w=":{"valueMac":{"type":"Buffer","data":"kTwpH8VER3hI1tcMBkEn6WZnhOmYa2nH+2TApAY+vC4="}},"BVTVhSk02+tWjQrgyl+/cz3raDgcV0XspsUV7GhkWQU=":{"valueMac":{"type":"Buffer","data":"LeWw2Hdi7xKIlojNznkjBgKVP/LhQg9IOODhzXGsDa8="}},"BaNTB+8hLElGMxfchaxS5bX3PyJQbsQZ3PrOAyBA0Lk=":{"valueMac":{"type":"Buffer","data":"WbRFhDsR1HoEnw4PFsu8ATGkx+34bMlizVPI4KEHkLs="}},"BilHnJQqHTmhA7idjlu3i8jVC7B6c118d7Pa1w1r1NU=":{"valueMac":{"type":"Buffer","data":"1Pys3UZwfxRiKyLhbBhe0hnEFKKRdqezmdPpKHokk9c="}},"BlKAPnAeRWIweVEP/cwCHcqKzZthJ9BoqzCbZPhJoqU=":{"valueMac":{"type":"Buffer","data":"u2Jkhht4+etAt3Jl+noi300rk0GPEiwaKdp2MV21fUQ="}},"BsDjLxp430Mp6vPRxigGNjNL0VvYFRzhiPW+U4oNWiQ=":{"valueMac":{"type":"Buffer","data":"wq+C4c2SSP9wVyJs71ohmEyLlPZhYGhFSYGALQojcQQ="}},"B5Tnudi4zwiAx/KNd5biX8SZq/MTkiuX4xc0OzaX4Ac=":{"valueMac":{"type":"Buffer","data":"4oKsow8ON/QL+p0h1k08+y+uB33qtmxRqWbn38Bbk20="}},"B9ihQiCrWtAtwKvSkjd/kRbL/iUS1pvyvZ7klD7+TrM=":{"valueMac":{"type":"Buffer","data":"0qUvPCK1wW3OBb9aGeNpAeejXlsugdGLVBSJFpGCnAs="}},"CLdjmbL8xxGXcE5UUgrNRU+dr2KAu5X/kyYBhAWm1Mw=":{"valueMac":{"type":"Buffer","data":"Y5YFCXNfLDs97O9El4I7N2H4Oq25/iG2JtdDFD08HDg="}},"COdcxX09QxYNya7/39+JBxjRCxJ9Al2JfPyFgk7EADw=":{"valueMac":{"type":"Buffer","data":"dCe2OdBxxjnJoe8tnvPenKrRynciv/eotMFYSKoCuHM="}},"CRnccDHZQDedOBQDpa+fd8r5RNKb1bZJsulQmfNFd98=":{"valueMac":{"type":"Buffer","data":"RhrIoX677/yX9Ncevgg3H+SSZFRUNXqSjzDgP56hMGQ="}},"CgsupmuzhMeTFZaXKoQPOo89qYr8TtoqRdiXuxw/t48=":{"valueMac":{"type":"Buffer","data":"V7OL9xMu7itbLEjYVAFcQpCXnMfFjrKL8zntNz4x3Ag="}},"C7LZ49UlksCY3AFw52mP+qbup5qBMgN2oGbxmH2uGZ0=":{"valueMac":{"type":"Buffer","data":"wnpcyI8yFfVH14UyGVAtL+4rpm5UXzQMD3qFqhmLLCE="}},"C+JXnab3K6ylu/b0T/5wavKvohhzPp8cxoFGJucQ4sQ=":{"valueMac":{"type":"Buffer","data":"+gyhw1P4dfBQi1q6+jK2LJ3zySAXjuV7ZTuCHixwUHQ="}},"DOHU1MN+PktY1ZwUN+Px2oZ6/vYb8JJxmo8Ehl9keFM=":{"valueMac":{"type":"Buffer","data":"XgNehg4x3iqlVXAjRChWlJIrVLV3xhIof/aI0IyN1Dw="}},"DdWmGoN0u1CUrsnsxwtXrUo3JKkv8nnn2OqV9GV4Ja4=":{"valueMac":{"type":"Buffer","data":"epou3MhdTrlBNRXu0ViwmAdWGZYEsZmq78ysdiHR/Es="}},"DligLP+dgV7MMR9V4Nd6ViKyI7341fIpkuud+ghYpCk=":{"valueMac":{"type":"Buffer","data":"Aj+s8FaiyBomKTQ9ieWo8Nb7647qAuDzw5rlULh8dNg="}},"EDSnQR3zVXBHV9boB8NewLzhMEB541CytpcZLSxEKuA=":{"valueMac":{"type":"Buffer","data":"/FayCUZxNZ7ABeft/OaCuDxZKdxsORE29WtkWrahPM4="}},"EKlCTliBAhFI26S6aEj489LxkNPWsaJpUCGKu29JbSA=":{"valueMac":{"type":"Buffer","data":"54pWSNjYNEPhV8gGsQtdZutKl7D/LrGYKKPs+geQfsc="}},"EMRh+tUW6CRNlF0n6ZCbLbc70PI+UmXC6o1a32uRUPk=":{"valueMac":{"type":"Buffer","data":"bd6azENfpRZO/i5A9J6mOIqed91IFWzoxg3GXcUVdJc="}},"EXdc3fBgpCfpEebO+wKlje66KDQ+FdKHGkeTG8xI0dw=":{"valueMac":{"type":"Buffer","data":"iXtKDJfS4yzFUmmZhz7SJSjd7fPKueYBUblMrc6E24g="}},"EYB4380fDwvmBY05e1a+0b7MFvjiRk3JyK7cwicipUc=":{"valueMac":{"type":"Buffer","data":"zzK9uCupIJZcZkU5W33uMsHe/UKobe6pMlA5l38RaXs="}},"EdvD8puZE1B4wrPFShsKn3VE62MRwftR37vNydXXrdE=":{"valueMac":{"type":"Buffer","data":"8enj2JEWV/sNWHjx4TMvgmzjt7O+e9fdZDdxhfGuYCI="}},"EkAEB/XI5LV0OmPJ30Uu46VBnfvOV7pYVgz97F/MCYc=":{"valueMac":{"type":"Buffer","data":"zL/jaVvO6LHRGpyDhOGO+9dN96W/6EMuAQ18CWcGDTA="}},"EpOw1hYjJYfJES2vEcC+RaXRGDbVZMq+gCriASkv2Hg=":{"valueMac":{"type":"Buffer","data":"ES6aLTVZ0PQ826pow7dsW2DWUielQKeDfHxE1UCww9g="}},"EsWnIYrEQthxqqaeHOXtUKjskjMjEl5DyA3bPfbaEBM=":{"valueMac":{"type":"Buffer","data":"oHaeJDu6m684KLHjT5+SHrn7lyDxd/WixhUjQWGt7d0="}},"E2vB9671UpLJU1gXivOztieGcZcFQBJQcLrKBRmvPaw=":{"valueMac":{"type":"Buffer","data":"QZzrB89T6D56vCahjJRQjs5EjhilsMOwovYQKn/vgT4="}},"E36KgZ0/AHt5v8O4VpNziKS4Xg+ETFMkiXpqWlXGNn4=":{"valueMac":{"type":"Buffer","data":"cbB17pR129Fu+X1+0DqM04CCaiYXyi5bIIK51K7hVSw="}},"E4hMPpQKBhAV1ErgSRR06s201Z77LBUvK9aYbN1i5qc=":{"valueMac":{"type":"Buffer","data":"QAZPSAiRFgqdN3mCzdDLOu3qCpRedhoKdS5ugPit4QU="}},"FNJSSYf11CHd8CkBJGiaLOOBZxUtxOATWFFGzAuenyA=":{"valueMac":{"type":"Buffer","data":"A+YDwl/gj9YxQTMyTIf0+QJYyFea8Kfn7k/obfzzvvM="}},"FUk6OUhDAvJ4YC/1VLZ1KaaetIQnoFyPRpmpP51a7fU=":{"valueMac":{"type":"Buffer","data":"q4X4R/Tr9HPhyuNJYAOWg3Nw2uavfo2nOpYC/kkyyjs="}},"Fg7zpMQVdWvKqDSgTv3ZuzqDDOHfq7CcYo6zihLllv8=":{"valueMac":{"type":"Buffer","data":"bEur27y03nGbJy6WhQDYckCAZ+dMJ78ILbvhz0WFa74="}},"Fk7TMGOVHz5chOXvWFcl416JS5qTVobqmykwnp6+Fms=":{"valueMac":{"type":"Buffer","data":"Fpj00sKzVG9oYotzq12H8vzGiJXXEMTl30Asa/qtNOw="}},"FlT4LPEsU98itarUFaFeVMhvD6rUErVNw7l41i91hhM=":{"valueMac":{"type":"Buffer","data":"ebjRPFGB1MImIKTaP9HEBvGIOwZ038mTdaV6NGiQM0w="}},"Fp1Yn8D4A+XlekrmMSTpmh4smhpfwcfloVwqZgGmTVE=":{"valueMac":{"type":"Buffer","data":"qXqppaifqIevDmgP1FSAMzjnQ44UNHk624GeyNg95rY="}},"FrdJpe8avvZROLv25MWzVyI8FeVt7MMPYAja8ZkFWB8=":{"valueMac":{"type":"Buffer","data":"QVtjlDQL1xgUTCsMolkaM0E1mRSY2Bg0QL4WjPUedDo="}},"FxjKqsyRxdKdYVXrvma0lXNpRc7/6PP4E8iWPYQdoE4=":{"valueMac":{"type":"Buffer","data":"Xp4Q7hHS2kptypiFM2izFKxhIveG/y+mZmBmqWz9/3Y="}},"Fx1s4vXvZ2D5YSCI4cDfRFhPcmZqRI0HymBXYPeVD4Y=":{"valueMac":{"type":"Buffer","data":"pwki/Y3ZXmyqX5agfjYhwdsjQg0lP1odhCo0GvLFiZA="}},"F01F0gVW5X15fE2LKn1mufkcCvze4ORbuyp63Qg9aAw=":{"valueMac":{"type":"Buffer","data":"k6Eg8BvAw/SW/7VjJ70p3zi1GaxXW9ccRSLtnBswNvc="}},"GJYco4BWP6LST73qEemyUhyKSLw7Y0Hfhcxx+occqfY=":{"valueMac":{"type":"Buffer","data":"vu95cX6foxemTEIZU5vTlks3EAvy95yddbpvSIgLGmM="}},"GKpIobG/n3zdI81GVKTZvtDxSuHrzQcFjTLpqRxiwkY=":{"valueMac":{"type":"Buffer","data":"IaS6bCGuyUeS9ssTth9HDw7HmPLCt1j4/XbChQRrDRg="}},"GUPj4wvER9Osd4gj2ThwcUBZ+diZsmqf/WDAu/54Fpg=":{"valueMac":{"type":"Buffer","data":"6c2ciffVvYYVpIoVQ+AF5+Y8xWGMOmeNh0kthM6SahA="}},"GWn0qXgf5XdQa6JLXBIGknWeKC+kwh731iMkCDr/RIo=":{"valueMac":{"type":"Buffer","data":"TrPaK67i8ueZgNj1/4jx0DWcYbdbuGFUTTjQHKDbT3c="}},"Gig703h0281GyHg1O4iuJSAIb87wKtMSBxyRa3tDSu8=":{"valueMac":{"type":"Buffer","data":"khSDjSAij9bmLGGfPUFPZfNB98D2QI33T5wfZnckjMA="}},"GlvYabGL+AUNWn9SrAyrDKy5iTVCzbuQMZbGRkN6rCA=":{"valueMac":{"type":"Buffer","data":"9+5SFH2zpq2F3JZbEOd0LWuAWQzLkFB4sraLm8KmyH0="}},"Gm9b9O4+qYu287d5XoSB1+HHfM6ScDsTQeW1k2RIcmA=":{"valueMac":{"type":"Buffer","data":"CbaDpXt7FDt+pLOoaZfAwit9YT7CsPeopP5h3gbIPdU="}},"GnJS/E4YorqY6G4GQCwqX4agY6TLBM8sxPquGEBevwE=":{"valueMac":{"type":"Buffer","data":"Pp16E3Afk+VYJxDmFLE2hjEgc7ggU2SjkgH7rzG2+gE="}},"GpOKjhPhAdapEEllTNkPPx592i7mqN9z9gKh3gAh+g8=":{"valueMac":{"type":"Buffer","data":"u9Vm4L24ABEGLzApAHuEjgRzPAvsAzkn6PoMfZ5pjEw="}},"Gx9NDcwO4CO1udczGz5OfyDR0ADp/tk7Q4ZITqKRgYM=":{"valueMac":{"type":"Buffer","data":"gO64lk5P02tZn3zme3kPzrdpugEdMCEy1mBEudvRwVU="}},"G7TTA1D/6UXWUV5+6xOhmoYpc7XHflsZjtglw8Q6W9k=":{"valueMac":{"type":"Buffer","data":"uJDYn1oCho88QvtaMalN9Q/uaojbGODjMvcbvnSyEAk="}},"HDUlBVFHk3bv88i+P5DwPC6uBEbwkB6pOMW6Ikh16HM=":{"valueMac":{"type":"Buffer","data":"iVLER28gzOlOW6zjujtpMH3EvtsB6GJg9RzLipWoIh0="}},"HLXqARKMEQfrZ0H9/yzp8VIeEmeA5frilTJs3DOVP4c=":{"valueMac":{"type":"Buffer","data":"lHks03j29jfnB8pjYMAXlXOfuL+r9Qh2csvya7Z7olQ="}},"HUBc4AduE0N0vMdC00qjAvu3NIi6G+cd5nu0GkJ6gB8=":{"valueMac":{"type":"Buffer","data":"BYOhscDz8OeCcECnelYemklYDLxQmswB2qtlCQFZmdM="}},"HYIME0kQytgOKdT3Kfk+fAorPbUmN0QdtSJTmvJBDYM=":{"valueMac":{"type":"Buffer","data":"X33bDVM2H6m+JvO+D79WkTVhC4TI1DlmBQ+WkETcCSc="}},"HdImFDeP49R444ssjG0Pjut9zlX2eXKP22jBiu4s9x8=":{"valueMac":{"type":"Buffer","data":"vA/uksNlhDLkzNwYR/RrQRf5oT6LyS0hJukDCZkwZNE="}},"HxGaRrWA3aRmS72cuU/QDazOeA+BjNkOZm2QHjokuP0=":{"valueMac":{"type":"Buffer","data":"NpOdIhMU4rLBthfXSl2rh8D9hLIATTGrFkm0Q9BsZdA="}},"H6vwr5Afsed/dzOXb5Wkk2osPZq5DotBQOMy1gdtI8Y=":{"valueMac":{"type":"Buffer","data":"8i3aA/nJA/RPx/uH+qgBiXZIp5a503pqphNfb8dXJ3U="}},"H9L7YdezbKFUEqdS6crU5mvOX9RSBnpaCdvm/8qO8ic=":{"valueMac":{"type":"Buffer","data":"8BMHzeW1kS/LTp5ss3q45bX2bRPzVz4x3lqPhFTKoEE="}},"IC3gvhYK+QmX1X36txXGnsVw0iLpGBWFv0Bbw8wgGxI=":{"valueMac":{"type":"Buffer","data":"fXUtSOMpXB9a0+12rnT2EOMm3NwOtbcuVtB1zdTWaog="}},"IF8/2T+T8yY48srxTnIMdBJa5Hlsj+8WollSqV71694=":{"valueMac":{"type":"Buffer","data":"25WP5XmQYd3CPunxa9muWLJNSgRRSE6xY6jSUDaIyqk="}},"IHxZRjpWqlAyqcpmGSz1jdOiHNKutkxbwVG6Nq7NWlI=":{"valueMac":{"type":"Buffer","data":"O0og8CNPAaQ64ETzvIsGsy4JRJKFzIuL3WEAXJjzb+U="}},"IJDmX4n4PejXbAphDja+yltniWEwwAAjZglGlJlVmlw=":{"valueMac":{"type":"Buffer","data":"X6mHBBOZhVUAoNcasC0dL+JFodX/gtP+fPlfy2TWOZU="}},"IZJ9ssSC8k4r888yTgyFTzySewCmT80WAbE+NaVHvWE=":{"valueMac":{"type":"Buffer","data":"vHu6nZj6GwPWF/hOCMJPUBJ2yltLuFTXFvSOE8kLV08="}},"IecsoM4TB5yUZqtEUZMd34bkOr0YPIQ6Ln17Gxt1HnE=":{"valueMac":{"type":"Buffer","data":"PmRD4y7n/8PEQKA7k/YsH3OGfS64UevUGft21mb0w1I="}},"Igo9TTx3T3inmg8ihWy0cbE5yCtXbhM3vudIJWFNZGw=":{"valueMac":{"type":"Buffer","data":"23YKHHs51SnqrqTCnpR+mTvixxY60to6sJJNhzKvRYM="}},"ImwGuo3/XlCyYtihi8H0K2uHiW5De4iWKFID1rd3SA0=":{"valueMac":{"type":"Buffer","data":"OoBq7xBYqnY39RpW4/67lxXkn17OrfLntacAhzPx72Y="}},"IqE8GgNvfuLTGPbA3jAtGAX5unliO05b5NC166s0jlA=":{"valueMac":{"type":"Buffer","data":"NNv2uWRsi3/TS5vDuxLVYXjDidg3MXi79KQSg8pZOAo="}},"IsDYDTiH+tr/+ytrlGQBoA58hRt91VcCq1FHZMxATZY=":{"valueMac":{"type":"Buffer","data":"1BbNzShCfNZjUkCrk56MvdecKRkFduUr1QMpTbuVvkU="}},"IsUmn4Gec1UoptF8tPZVG0EbRewCEvUjuaYK49NrtXs=":{"valueMac":{"type":"Buffer","data":"HDMRQcV9Ua/E0HdhSPSjXIlEV1A5m5Bctx/RE8ID1uI="}},"IwE0E8/fiOCd8ND1KqQzJ+UKcfr8CKBkVVwuI/tzNJU=":{"valueMac":{"type":"Buffer","data":"jdtobArsQPGC/BITWxMZP4auCDErKXChTdBFOKCqvqs="}},"I4JXfmlCGvUBdx/38npGDbm1TC6xUe7qiXJIveHgdk8=":{"valueMac":{"type":"Buffer","data":"qXqrEYANuVI3Xgz/AjtTtlFKKfKJhYcrhfgXgWWdyOU="}},"JJ9CkfIx7Ob4yjcueqKCIGdxSyOYVhTQKB3R5KdwJag=":{"valueMac":{"type":"Buffer","data":"55wsoeHApV/yam4i/0PVz0slVWAOfa22ejeyOX/Ub9g="}},"JMJvPoMDja7FuSvC9A6UAgM/+d2UwBk0lIZLvQpMCa0=":{"valueMac":{"type":"Buffer","data":"YIpjGZJdNEABTji8XuPH/FX3J14XObdQzWHRhxg24qw="}},"JOQWk18ngq2dSXzzoJ5ibpujvyazMa4h5qJSpWYe5+4=":{"valueMac":{"type":"Buffer","data":"5Xy7bY4TIsXUxy6y6BPg0M2RcfXJLBfMPFPe4+jUNsA="}},"JcOyZvg6LaBH50U8nzQE1r7dj1TIb6YiOA0qqF4Nj24=":{"valueMac":{"type":"Buffer","data":"I42NsoXVbgtkQ5l2BQNqKUdZ6EK5bpdgQEgra3wRBF4="}},"Jg9ydB7wbACx5UwMgSDCtiK3HIHpF4M5xf61fKDi2rE=":{"valueMac":{"type":"Buffer","data":"t5WDPVFWJA3tsoxvu/le+xKfuTsNi7nBFNL2V6jgcNY="}},"JjEmZBJHVZ9r8C0lHWQiMvo3qNcrWmqFgERGWWTVf9w=":{"valueMac":{"type":"Buffer","data":"bDIaGiDpCUwzPmBRYnjEQJ2eJ6zpu8vhYor9DsvPNhg="}},"JkwFCjMV08bVhMNJtoMBiEk9/c9xYbBdZ5CSBDl6aIs=":{"valueMac":{"type":"Buffer","data":"MYzUc80bOMpbHm3xhdGP3RyWY5PwYu5LCHiwVfTc7mg="}},"J3WeL8EaRXuX6kjwJTVEKfPCvTjDCOnHthC60Nagsuw=":{"valueMac":{"type":"Buffer","data":"FuyRPUV/rfV6NgjQMoNXi0hs41znkgLnX2eoCANkvF0="}},"KAa4uZVnLLKymBkbdg5MlDPkIRrRmixvJIfuSJ040Po=":{"valueMac":{"type":"Buffer","data":"qcyM1U3+IGlXYpeU+bfrBC+Zt24SQ2sTil+TeMW3LX0="}},"KVy+RLGRfVYvYbeuR8LC/uKp+bTBdkZ5QqCJbb31Lgc=":{"valueMac":{"type":"Buffer","data":"82WV04U/J3/uyh95BS375LX+FTXTDtCy5CRl//oX4WM="}},"KaPd1MeX4X37GDvhBsrdVzK8+s5U8L0w0vTCAw7N1vQ=":{"valueMac":{"type":"Buffer","data":"JkRhPgHEapvNr6/qztZQbsnzjHaw1Y5UfI3tAfqhN0k="}},"Kd8oVNk9u2IUitDg3tu4stSLJXA/ZMsuDPRuGz3nl3k=":{"valueMac":{"type":"Buffer","data":"rupJbxwHQM11bAEAQRdzqe1syuihjz0qmVkjwgslo7E="}},"KeTZUtn7y420M9PB4qMqK+qZmXEXnxOukmtgwzUWAYk=":{"valueMac":{"type":"Buffer","data":"l85FePLRx7zmU1+mn0alLpb0//AX5P2fkEGBGbw5x1s="}},"KfrysjEpV6MJLH3jMq3SFn+rxHXqutDbzrV8aHnWhjI=":{"valueMac":{"type":"Buffer","data":"1mmQWOSqhefL+CZVqWct2QILU0jsAIQ9eHfgpSSttdY="}},"KsKDVcrGwjdym8wuD4EtO8XAzwkkgJ1T4jWtKspQQxY=":{"valueMac":{"type":"Buffer","data":"5Jvun6FqkiPEz9zncxtedsWwkMqtnjp2pW7Slk4TOq8="}},"Ks9iS3VcdlkyzRqbDw0vfYiiXeem4OOffPihL570rQE=":{"valueMac":{"type":"Buffer","data":"pUq5OU1WhYvu1Anv9LMfjz8zwSHChX/24Lc1qDqF4zA="}},"LG0M2ClhD7wJZoj354RkMyJUtdFtKdiHQNubYV4nYyI=":{"valueMac":{"type":"Buffer","data":"quvj1RNnwrVjH8j1I+M0hFWFvd5mPBwmVTpHTXHclBE="}},"LYFL9WNshURDRzlXaOxWGjj+MsdHoq4VosnKJWsI7RA=":{"valueMac":{"type":"Buffer","data":"l3e7jPiopERpCUhsUw+U+e6QN56TyRsYhyYmxEf2Wr0="}},"LobSl91tW4rBkapRwMoGYhDevos8TvFCPrkppQOsPvY=":{"valueMac":{"type":"Buffer","data":"7NuHaDfOYStAq9EkKWyhYbGOkFRgrwjY6+s7feNaAZ4="}},"Lodrh6RPIWEY8KnyJleDZFYsifD5/+42LCQmrFvFV4c=":{"valueMac":{"type":"Buffer","data":"InOgvd0qWfanmCTPghfcrmESminUqtVh67JnwpDMP9w="}},"L7cgiQVePIQtWMBn297qlo3T48s+3ofEQ8RnOhFF1YE=":{"valueMac":{"type":"Buffer","data":"HjeFBnWr0H4q9EOLI09LeP/7m1c59DmG2ZIKT6wSd5o="}},"L9hHiTOyLwCDYCwf3HLucxG1XJxyYepZ+VCkqpkXyds=":{"valueMac":{"type":"Buffer","data":"SJ3/vIlv4Z+zrRRAV+1LNBG+udD2WWC8msr8Uosjc9U="}},"MBZvB0uj9+8Ebb3ZnaqQ7mjtg/AQzfC5+eXuSbjqqyM=":{"valueMac":{"type":"Buffer","data":"70lvAHO5FLiHdRXXFecSSJzoXtn9wV908E8u3nTWiEY="}},"Maf6LAg1ZkyDFKj84f9Y7qR6wPbeZ/G16dKWNuTLOlA=":{"valueMac":{"type":"Buffer","data":"1yL9jv1ymDLdAmFTITkCCpY3cakoD378E+4fEjPTkKk="}},"MboRDK7qSyQseTQpmhHb+BM7aCVIzkfaso+Zp6+GCdQ=":{"valueMac":{"type":"Buffer","data":"Q9t+IA9ZA1vS2WbZ+NGEExGvzvD0O0PZ1RCbWENnCdc="}},"MhNsXemV3/iKgAha2MYi1VPZ7eX0q8eDepJwRdm12AE=":{"valueMac":{"type":"Buffer","data":"9hdiQCBSsD+XjfqYrWoKkfT25gSz0AZA/x5sCe3JMOo="}},"Mjtqf4xer7PXU5ai7YzcPYe7OJZeDmAq32W695gS3J0=":{"valueMac":{"type":"Buffer","data":"soD7Axk8A2j0iH68Q+fIIS0SFT3ZfZjlaxH+2wakwi0="}},"M9rrVDchpzOdPsonVpMrC0PKUmexlMc6h/hk5GR+V3Y=":{"valueMac":{"type":"Buffer","data":"o+ZhpCiuFbFWizsagDyMZ0CZG2QoMm4+Ifom6pe5fkU="}},"NGSSttGbUCchDnZga34sHf8OfltXxL4uX6EPBCzMy3Q=":{"valueMac":{"type":"Buffer","data":"FH/xXJV0qJ7c+TQMzscE9ULmx3lYiDjWRjXNLaoYK7c="}},"NKjB3PcOTXB673Q0y2XpOBeUXXenhKYQ2IWYdoxKhUI=":{"valueMac":{"type":"Buffer","data":"r9AMJQKPcfC0Lt+4YSRWOLHG5wEfLmxAW8dcMpQyAO4="}},"NMwDolyo0X3WXQVRLpvR1GpC/tKw5pzxPY02QCh1XKo=":{"valueMac":{"type":"Buffer","data":"kUFBD/OYDo5q6C3QS//E+i7Aqq/GqrfkTliiIBtq4tk="}},"NQpZJRT4E1YRQmlqb+z9p8SUMxLgKcu1cbR/CX1MYc8=":{"valueMac":{"type":"Buffer","data":"CiFhu+6wME8cSBsK40W9NuPLCQ+/fPMcIw4C+Ku77xA="}},"NZWiy/Xlnla++etYN9K7dvjyu5qXTK+iXPd/gMd/SrA=":{"valueMac":{"type":"Buffer","data":"2vQuX0eApIYds1SAAD/kVV8oG/noisCPKwseBSITz64="}},"Nc759eFtMDSP4xb0UQemGps8QfUlqtfURu7J8r20iEw=":{"valueMac":{"type":"Buffer","data":"bfkA8mDBMdhQhlpEGyef64jnt3ZW9IZbJEHFMdslQwg="}},"NiGxA9MNxD+plrWFjZFxgBL6HIbQeqkfnpJyWZbrEiY=":{"valueMac":{"type":"Buffer","data":"R1CrKABhRdrVSq5EnaC6wXnPfoF/WpWJnbNucPdb8Dk="}},"NjWQLAEgOUP6de9wW3PE/tVJdNhgtUMj/e/QFfV9q2w=":{"valueMac":{"type":"Buffer","data":"yGRk+Taqlt7W2IpFR3wKlU68sdnLDKICltZO8wLreX8="}},"NrXW3ZQcc0FMeOf/u3kVWVdF+WyBe4lwJLcD3qi5DjA=":{"valueMac":{"type":"Buffer","data":"Ts2eLLd+CEYCGYsQoTL64J6lGqxETe/MGfYgcplbPeA="}},"NzOiFCOQAJogFIvWhBnoTXbYVNR2lQWMzFhQXxVbQE4=":{"valueMac":{"type":"Buffer","data":"gVj+d/VeyK9mbY7jrbLzY4s5WUSBt6iyOV2DL0f6toE="}},"N558TMDkWZrltdMds9TjiT1orJ9jyY9ZaOuBpymfqpw=":{"valueMac":{"type":"Buffer","data":"6OyOqTGVCNPuRxLZcggdZnaiSmiswtP4gLPoVqUr/a0="}},"OA2elb+vKZF3QJPpU+Uw70da0Dj0nsWRnqQDrzIIXaw=":{"valueMac":{"type":"Buffer","data":"yctF+OOBGmmkRd1rTpobVzSXpQoJCCzfO+Km76Mziww="}},"ODYwjZqudhXRu7k6/OzhLbb45MusD2vSy1DEeBkN9Sw=":{"valueMac":{"type":"Buffer","data":"kQSZGG7OvPfSZfcox86cx6qxHu5CEhoQBDntI61rwL4="}},"OV9HIHwoVQUpvaUK8p9ZVFnTRlqYFOTfEJwPiBupCQc=":{"valueMac":{"type":"Buffer","data":"a54fyDLvQJhOFgFDfB7LLKcjoqh5zuVmGuSi86MJQG0="}},"OXN6+L/c3tNTTCjHUvPdlfMjCCGT4FdXyYQemD7amWI=":{"valueMac":{"type":"Buffer","data":"cwpNMDT2K1/bhDEKxS+j9KBk8G/83GDa0LDwokfacVQ="}},"OcVy2B+6bgN2AthsdY7dTpwuSiOg6ELbd26m3EhRTlE=":{"valueMac":{"type":"Buffer","data":"WmzHVbmH3a2XkN5cPRKel+WsSAoIfbXNyx1BDhpr0WA="}},"OkseyUXX7XUZQjJw/DK2c6010eA+08X40Ei39wYcYjk=":{"valueMac":{"type":"Buffer","data":"PNmRVRK8kNNwU6XnIBJ8BayUwCACtpleXOF3ijoHdxQ="}},"OmsSXSHqIw7WcUJWVtnadf8+foBh7gcz5fgWRexfzis=":{"valueMac":{"type":"Buffer","data":"5km1SSw7uT8Gt4AduTlYdyn9RPsw8vP7oCzzzU2tSyA="}},"O/cwX4kfQQadLHW47R5o/rEexfbvzsG8nCMJU1gBjMo=":{"valueMac":{"type":"Buffer","data":"SCfiMgh1BPoDYGMoF0K6ElwduAttZh7iYgllcSuIq94="}},"PY2R8RX97AlsZIgN+izCGhYkjE2Bj8M91jalA9LVpKs=":{"valueMac":{"type":"Buffer","data":"P2eUbcLaQo6bw1XcW8sw1G8rx7zh8/lUuCc6uaCb7hU="}},"PaZyRK73yZjf3beATpmpsNvUvO9TSyz38Sz06ssY2XI=":{"valueMac":{"type":"Buffer","data":"1FUoM0qsB5xww7Te+5LaZtLIQHixASP3AThS0U8OKhM="}},"Px6qyq5trKeg0fAC6v0Lj9uf4BhrMbIBSjd5kdz9WiM=":{"valueMac":{"type":"Buffer","data":"YRmGMGVc7y0JRaKu8QZbQBnsxArYsM/ZJdBKFRIRorE="}},"P/5Rra8Of1t9Omx7+gz2McUrNXjRMALm+ritnT8oqng=":{"valueMac":{"type":"Buffer","data":"Cmq3fKj18g8FsiYZzsiJ6v63Yq39RkyKzzl5PdA6cNI="}},"QC+KJklRL7vadIpADp0CwBzSdKybH+cQmQ8B8JY+URQ=":{"valueMac":{"type":"Buffer","data":"lAwmeVqxeYtobhExpT0JujjPbdPryvofw8YLXR0yC34="}},"QD9rdjS+7TsZKUO+DFMstms0FBwOMhly64b3QuJC1IY=":{"valueMac":{"type":"Buffer","data":"sZ29blECwDriZDBAoxJYLlUBKfbUZ0zALA4QjXz7WnM="}},"QfxKCrlWIk1M4kzpF+ZiJDSoubKpoMmA1RpJn2mbrBQ=":{"valueMac":{"type":"Buffer","data":"byIu6om2d1cvmhEJO9Mj+nMrXjcJCSpdIN+86TQAjlk="}},"Qnae0F1oeq7T3xyhNWXwdZGNycAc3bXCbTTp1AERNzY=":{"valueMac":{"type":"Buffer","data":"0cZ+ET+GsmkCNDPvXGTSOYzfBFgfXKEO/BPpNuCY1gc="}},"QtqPfTO4vnH0BNV9B6y89NC2ztnhIB0JrI95Rw1sUHY=":{"valueMac":{"type":"Buffer","data":"AwFMMfXZNn4/TkRoJb3P7NoxAI/yCldDgR33clw+5Eg="}},"Qw/tuU5lsmFpbIjQMRT1l3loo0pCF2jKyTUyMWdBbWg=":{"valueMac":{"type":"Buffer","data":"vZivQsRO01/LU4KZw/xvHaJi8blsEmkmK6k3XHjoDa4="}},"QzBYzuxFfNyt+FeazQ44M3TpBYFwwmzbFbnoTLDrdsU=":{"valueMac":{"type":"Buffer","data":"raEK57fjgtRTCqlHOTeUEmUXg+F2CtNv7dW2dw9dTFk="}},"Qzb/5Tyf2n6DSZoj1mf2oGsaQqA1qvkU4lmei7oVZUg=":{"valueMac":{"type":"Buffer","data":"8CHQr+L5DqPcpVIAYHifyVJIfmz0BN7DLUuFEWlgB6E="}},"RCatVkfGR9yDI9T42XnAZ5gIvs6JwaLn+uGP+4EueZk=":{"valueMac":{"type":"Buffer","data":"fYq9uvdt0w65byZn5LIBykqAfh6onUw9+pCRE5pP0bo="}},"RGZN9y74hsPL7nVjvb+mK5j94xDWHq6nvCE0RbKGzho=":{"valueMac":{"type":"Buffer","data":"IMbBxWABw8IdyNDna045E7BXmrhTOGChPrQv2yz4iLI="}},"RLVrY5U8+9loYOzfLUdHLnSjaNX6oQV8/tnFCT/3usY=":{"valueMac":{"type":"Buffer","data":"DwYIcVLVPrLhjIbC7LVPDKboTLFwWusM4DXl26+DNdM="}},"RMEgbIbpR0CYGGUwKlumo8z6uQsVfr4YZfV6uMSGf2A=":{"valueMac":{"type":"Buffer","data":"kJ0k7TvWQ0fSARMFBqRzgrIxC1AKL50M69Fpdgzc2VY="}},"RRexqMiqO8zxadSXk8kkBiWm8a2dN/HktBDa4pXCDmw=":{"valueMac":{"type":"Buffer","data":"KEk2S0QwCIqIJ/eUT5aEMSblWjDq/YXjtPdr7PJHbFw="}},"Rr+YGi6vKgSt6kx+jgiQCHujAgim3JYGVVMo43Ewm8U=":{"valueMac":{"type":"Buffer","data":"BJJLpcawjCcYBxFfBoI8nSFtdYewtDugZ1oIIcSMmjU="}},"R9/rOsueddnfV+MGEluLYYQzTiOgUpsV+gHpW0l+UtQ=":{"valueMac":{"type":"Buffer","data":"grenj0Ok38teE3Vv21KZ1KSyisxowg4rdrBRAfEps/0="}},"SAQSDTCLjQnrlx150nqaKCfP6hX+PtjQk3tyeUk0dIQ=":{"valueMac":{"type":"Buffer","data":"KDS9rTETw9NqFx7ETT7RByU3kwCAf9gSUiljKKmNm90="}},"SPNpK43uiR4NCwZE8L1qyTTDVGnzANtVw7pK0DKRhe8=":{"valueMac":{"type":"Buffer","data":"iPwzl2oJpR3mNVG/kWTYtzuZFhCOil2c6k9lJ3U9Cc4="}},"SUXb0jjM7/N9dxBqry2lWJRlv8Y4ALzi5EiA6HFgIPo=":{"valueMac":{"type":"Buffer","data":"E24NiHwhj6y0RIDUDAZJScEWGjfoZU5L3Vp85EGJjlo="}},"Sc3QVd+hkHDNsF0UXx+hKutmTIBGN/2nSGMnNHByXyw=":{"valueMac":{"type":"Buffer","data":"F/0Yh82idzl53kd+wRe0noLa4zVnz08MHYZws6xdwOc="}},"SrjoMscdWyOLU5JYVGO3NRSi87qd1NHb/Avo+gpL1Ho=":{"valueMac":{"type":"Buffer","data":"CSzDjip0Www5Vn0yACJj3fVuJzGFEk9Wp89nErnvN9g="}},"S460wuewJkhE7n02UVvxvolkIvFbREYqg2mL195mgrM=":{"valueMac":{"type":"Buffer","data":"8Y0xXbdrAdlyXqpgpmJc4UED+pgi8vUesJPq448GtdY="}},"TGOol9NaRlc8HioVdvynE463rXhAB061DmZr8DpNOvw=":{"valueMac":{"type":"Buffer","data":"GXawCv972RsOlhrSBsye96eVgghwSIDLNL/1I6enrqo="}},"TH9971W+SHhk+9iE8RZflVTxXXT6UMFDQmkAh8SNCrE=":{"valueMac":{"type":"Buffer","data":"WCU/f7rjo/hG6f47a9HfHybxpRFCKEt5uAxVlhpAMKQ="}},"TR8o/5Dcp9yGKA8GMU7T/ePCvOD8sSc3Th2edbJZdJs=":{"valueMac":{"type":"Buffer","data":"LA8qEclFPm5W7nyzhQqNV86R4ClKgEv6q8gmBZBD1Q8="}},"TT2B3NJxP2FyrsdEkqfbMZ5UcqTgKt/E6FWagai9s7U=":{"valueMac":{"type":"Buffer","data":"2xuHE738u9uJ8SeS3dLOADx0GyqBinUc9RgMrOQ8ZYw="}},"TZHx0hHYljzUVI5FiNK1qCc2YY5L11Elsav96D8d4rU=":{"valueMac":{"type":"Buffer","data":"qFqJZT1XqcT2taTAzlb5f5svwbvkGRvE9eGUPadDtsc="}},"TbkV0qqAC75tYszrgW5YjjRc7A5EFyHRGOLJjDi99jg=":{"valueMac":{"type":"Buffer","data":"/eGtuY4hu+C/A9A7Z/oioSRw7RF2MXskoWYY3udqjrY="}},"UAn1rMjYsiRATT9ZVZrPl4J9/vp99mZqzQue1j8WhGg=":{"valueMac":{"type":"Buffer","data":"iZBQ6sjYW5oSnRiOj6L+/u58smtAJkF1E3NchAk1ZA4="}},"UHVAu5+3rzxX1Ay6SS2F1gW6oss2h4HBq7a4R/wUiEQ=":{"valueMac":{"type":"Buffer","data":"DP+rem6oPJwPLob9ZHDjgm+9zw1atwpRWgPKjxu8IIw="}},"UQ5C7P9Nm3UItKFHRNXf/Da8flSR15uJgwqKB78ty4o=":{"valueMac":{"type":"Buffer","data":"gxECWcdxt9slwKDPKNW48rezY1ya0imyrbACNq8TIQQ="}},"VEK4ZKLHWA0SQIIWVtlYMMGRYXVabSYNCkMmFNbOg4M=":{"valueMac":{"type":"Buffer","data":"7J8ceJFFgBS2oQ8Beoz/Q3ar8FuiT0j8Ha+IFCVPx7s="}},"VZrP9XlyR+CqYcq20oa2BP/TGOuaaGIGhNRQSVze5ys=":{"valueMac":{"type":"Buffer","data":"bMdS2X59bmM4eB00rvdpmyF5HOoPSIt1Y9LZpTZvOKA="}},"VaMzyreSJ+/DKxyalBEE6hAAZfOU5wU9i67WU3brWTQ=":{"valueMac":{"type":"Buffer","data":"j6gYJnnGYPUS8w/s2QG+Nf87IlFwhPqToL+DKu2clnY="}},"VakZO8dNuseCe33J6Bu3j9nfU94Rc5UAaANGxwXD36Q=":{"valueMac":{"type":"Buffer","data":"lAdTPONlFeER+omNBwilcpxtx1jCYKGXn4AX5S9ZlaA="}},"Vauy01G7dxFm7hU/fOk4E7KP4axxfkE5JtTRYj4dZws=":{"valueMac":{"type":"Buffer","data":"gXFcVRKYYe04OZZGLGhHspIlJE+p/KqDzz3Bcw/kR8Y="}},"Vk2Nd3BQeOAzXp8wmTaGaXT6HiZGXhPLKT8Oa67B1Us=":{"valueMac":{"type":"Buffer","data":"sQ2PypcpXxu8AWjngD1BynPqYIYW72nTukPXAzBSNig="}},"V785ZMcbELm6L3sz0vggqNliRVg178cGbQ9AUAO+T1c=":{"valueMac":{"type":"Buffer","data":"A4un68Uhke85jnmBgISGtO5dyKQudsPcC8xEUwTfevQ="}},"Wj2UuWMdl1hDNGn7uOOV2SvTGeSmCuUtVO7+I2FB8XI=":{"valueMac":{"type":"Buffer","data":"1H8Vpd3c9zNx9VbvUcNevWxpoxqm1SDvhYii4UQHhpg="}},"WmvoHScDCdh1/9xja9MeK/KTXHX4tdVBjoIkcpGKu5U=":{"valueMac":{"type":"Buffer","data":"eNN0SksdXyaHwGAKq0n6kP+omUQDDAs/sG6ETa1ebpc="}},"XCwZ5rRTD57z7K9gbwkiOcA4eVCNY7JKHgFFdEFyNzs=":{"valueMac":{"type":"Buffer","data":"7viLOApp9x+FrCINLTSCALWvzpaBzjyJPL0U4ZCHEMs="}},"XKDSZVv1UL2LV2jQbuvpXpICsmfBMB4DZRxhw5qnf/0=":{"valueMac":{"type":"Buffer","data":"cw0cqoEfTJfDgIfFlDMmJTAEN2GgwpsjsWq9DX/aGXY="}},"XsrOC5y00p8nURYq+Km+ZVwpiXUE37iTcP6wq4WdaX4=":{"valueMac":{"type":"Buffer","data":"2Tk1BBsUq0W5Bfq7KnGzxDfzXiFZESuEJpASr+Eatis="}},"XzV87ZJGYeCmlRDVRKELqAnFCfLUWjPZArb0y4UUjUM=":{"valueMac":{"type":"Buffer","data":"SF6BPWGgnKZVIcpq/XQLuhDr+GE/MBtuPc6ekCROdbM="}},"X0qOEbfhD4Qs/PEcLlsdK6qxl6lJNieJicVoF/+7Zh0=":{"valueMac":{"type":"Buffer","data":"3ZAZ1ZP0OFz+ESWO2vpdEPThNvjxa4hhtgoL/b2zEkM="}},"X1Ww8UU4sYgtCHIfmaKetmzrg5LTW+43SXmk1VR1g3A=":{"valueMac":{"type":"Buffer","data":"UajkrJLcVAiF153Zr/P6XEF6VTiLNR3X6TeAC43ugQQ="}},"X2KfjHf0BctIW2PPVjQfFahPx2H9Uv20untW3VZPnqo=":{"valueMac":{"type":"Buffer","data":"4ulxxWotU3pAPGGV2urR0BF220pZ9l+cMq7RdRW9xuA="}},"X7M5/RWfnv3N7ZXS83aRDviuS+oCP2Hpmg+T5MQpW68=":{"valueMac":{"type":"Buffer","data":"rCugIDKvaNTjOF7/0n474G0wmeP1Z1rKH6EH0nh3rpE="}},"YDriZUhrQO8gNCDCMnP4KsuPWHqINyln8ptO3+l559I=":{"valueMac":{"type":"Buffer","data":"fYiB1bGsbSfS/JhG/abSh6kkKTGuF3zSNXDo/m9Pwn4="}},"YQx0yWkpb0NSYucxOcv7wEmLAuCDvl8484PJuGFRoUI=":{"valueMac":{"type":"Buffer","data":"t1DWgXsM3nw1A0bCmOR4yHvZqimdum1Jd96v+CXDfkA="}},"YXS5wFv5cjMorRAxYC5dq5alWYmGhIna1jiqDsb4FWU=":{"valueMac":{"type":"Buffer","data":"xshPPdXjAxb4ADSNHalOAiRP5IADzzrB4l5aH0aoENs="}},"YZhjDNGln3Nes35VR96Ef8Mj62j0scyxWCMPOHFz0rA=":{"valueMac":{"type":"Buffer","data":"3I2ZINNBTc8ackkxsNIOVzABr0tCLWh3wo1IXDnSlT4="}},"YbxmKJTzG6QteMjqlMZkfDwcXLPIo7ddTt88Z1B9jME=":{"valueMac":{"type":"Buffer","data":"R3KzggId5qXj3Yn6TAYzxdcuDqTAwRj5FHIakfo5aTQ="}},"YfF0tBmEJnxAT9GmasSFrs73H8oG7ItXkRCBFsPKwgE=":{"valueMac":{"type":"Buffer","data":"syf7cZvadgADc2y4bNFzh8qE0ePs4+51Lmi9lNaiNYc="}},"YgOvvhNxPxLIZkNMyYlyLUXuWuKtFxAn5mfS4gy3hOU=":{"valueMac":{"type":"Buffer","data":"g8jcjNJXjjBnOIGtbPAvyIAq+PDZO2JvhwVY7en7rWQ="}},"YhfOCoV4vjxuk76SlsSrw9lkH9cR1U4udXmPYwbWkcA=":{"valueMac":{"type":"Buffer","data":"IGoIK0otAJwrSyNYGQmSJYFX9X1DRNHU0vVHOP1Rsis="}},"ZI+Rxy9DZ7VLl8gu58HkvpWsdMfgejACDqFAVv/3rzs=":{"valueMac":{"type":"Buffer","data":"52RysyTNm7Q6ghenmNehr6+lacyxmX6aWPOrTxDWZbk="}},"ZM0aTyaoaKjce41JBSvKs8T0v28lAyRpnmzcJG4XVN8=":{"valueMac":{"type":"Buffer","data":"jNoc50oO0Ay+JJY895BTT4UfHDOpZ893zB3wiVn4vBQ="}},"Znt27QGN/4VTME/P9Q/ZgL/pC0bBsoKCM2fnRJRQe8g=":{"valueMac":{"type":"Buffer","data":"t+MSUP4U25fEa2ISIveYPQbt5Dl+K6ClPCCCljcr1FQ="}},"ZoIajQaRxnykdp5Jv+MSmSgRyQxlCzN+QZlQ7gPJNtg=":{"valueMac":{"type":"Buffer","data":"F9ffWvcgupF0xE7Sz1KeqJO8Zdpk6BBse0kQGmeRonI="}},"ZpmmnQQIvSrvdR2lCxNxC+2TQqm/2iwPEzzkAtDi5qU=":{"valueMac":{"type":"Buffer","data":"Yp4yy9sWr3tN/EgoKXlpNMlFrBVDVaR4pIvkGvUOjP4="}},"ZtTaggKEan5MCvQnBODgqACcI8nXp76wSTXbl/B7WtQ=":{"valueMac":{"type":"Buffer","data":"KAoY87Wvy7Fh/hw8EceiTR/simL/xeVaWI2Tr98VPhY="}},"aE5Xu5xEnAGLVBx3zMn++Sur7EQJRvpxn5q/GkoJqIw=":{"valueMac":{"type":"Buffer","data":"hfyVGKcuEIL6TI8RHjNbAVlI/nMA7vCUJcMkyXS9gT8="}},"aH5AJP5TANUGKAcdyuOKhDhmRN8ypeKae1Vfaba+7YU=":{"valueMac":{"type":"Buffer","data":"Kdp9nzncQrzHWpVPG2s0wFFNL7y3ciCpxcJB0QVl+sg="}},"aYWQJBP0nEf0ME6L+xnvlOf/gnUDkHu40CH8Dyz4PTo=":{"valueMac":{"type":"Buffer","data":"Sco+5oqffTaa3FPJodbFIFM1glF3dbp6J33bZhtmKcU="}},"aeTPuy8Uv8p1wBB44bOzVqHfniprda4GF+GXIncmn/Y=":{"valueMac":{"type":"Buffer","data":"yOmPe5P7jGsdzNft7IDWgLB50EL89r19x/josGedOTw="}},"auyQgX9r4SKO1hXlIxUb0UTcuOk2LUTpaB4T++Kex2Y=":{"valueMac":{"type":"Buffer","data":"sZt1iPkfJo01b7z0M7e9yrUfT1GUL7F9w32ZffoodN0="}},"bDKWZNLqgDU7UQ6Oq+u9lFVkzxozGAHoEO6fNT8xe8k=":{"valueMac":{"type":"Buffer","data":"Bm0hFhCFYIaQtrDAoPemLoFvBxhafqX1FB2lDopi+so="}},"bJ4sJuzBI3X/DnunTJp9rximM2gvVmHRFmh2gRj+exI=":{"valueMac":{"type":"Buffer","data":"iacdU0UPY71nHIJgOa0iPEwEifl6c2nM9+sf4V/VEGY="}},"bO8abBFZabuwIf6BpZY2baSDe2hUgMUR0+tjpDS+Xv8=":{"valueMac":{"type":"Buffer","data":"n+lOJSVjRtjhoUyjnvllNnszkIbSvCKU555xHvIEu68="}},"bXZNcOm3xDeQ9ycVzomeiCGD8QTi/Fn7u+W+wE3g+2E=":{"valueMac":{"type":"Buffer","data":"zyvneuuHrD26S9e+9qE3+OVdrvH1YL7AklIkijZZ4KM="}},"bb0qnmgp/NM8cX3VcVro5+ysAMkGy+FW7CNC1+5daW8=":{"valueMac":{"type":"Buffer","data":"yYAsEhyZpLW6kt1NtGJlsAdfDyt+fSe/jOT+VRf++fY="}},"bidcWbQFdprpJWGOm4lYlKIu2Ae1sSTwONjhPYmj6xU=":{"valueMac":{"type":"Buffer","data":"HV0fS6GEFt/CpiKOMwdqMIf0nMH+tOmGTVqOssKaTpQ="}},"bmQBL71JnaUUuihkjW6cT1XxL/HoS0J0Vv34GmsZjew=":{"valueMac":{"type":"Buffer","data":"tXxmoK9vN9sGMbwrO/KK69PTDo4aQ4Kjt4ylzzsIEMw="}},"bqWl7Y0p4J0yLyVNzfabOxdI3Qzvzbl73vGV2SoVK6g=":{"valueMac":{"type":"Buffer","data":"AKZCA6n3nGhFg2Hmhqpp88fVUFjJcIQmMTG0P9mUfMc="}},"btQ2+LraIJTr4UlhoaUr0uSydCrSa5P363nrBfHgJ1k=":{"valueMac":{"type":"Buffer","data":"M5rFro0WOZYZdc8rDd692tE8bBtjFruBIbG65ovJL04="}},"b0eNJ4Xa7+VJmuXZR6+Tpk2oylRNsA2p4+3+muBUHF8=":{"valueMac":{"type":"Buffer","data":"3OyLgJSpDlJweMaCTbd89z7+u8DBhUVkwQW1Yz/cAoA="}},"b4Wme9gcOCevKwJXa80VXKhkh/T2f3rIiOsA0GB70Yo=":{"valueMac":{"type":"Buffer","data":"mS+5sD82t/5ljzEQRF/4U5WU/OQ6dnPw91ZgmwfahR4="}},"b5SiyZkB0dddYriiXgNLx8fhuMN7rMGKhisKLgVLZA4=":{"valueMac":{"type":"Buffer","data":"820SKdxhFaOw5s+SmJyHo/5favIkK5QvGAGWdXBmCPI="}},"b+XWVSCS8Sx+ME56wvdCGfGjOBF0hODCakVt7aFFMh0=":{"valueMac":{"type":"Buffer","data":"rQUVqRUO48UPThYpgfN4nTAFqPrtiWZXQ6MDQwcfG7g="}},"cUvVVzI/fkNBIVOd/v81gppftfkHw4QvraSd9pK4STQ=":{"valueMac":{"type":"Buffer","data":"Eo3EOiVdMXSVhJutjDrkzShMWAVVjdXU6NU3aWcoV7E="}},"caVGtQ3G4KNEY9zHdh/5dYeDpzQ7rpeXPei7vTWym9U=":{"valueMac":{"type":"Buffer","data":"qVmmhzCSxTy5QKzoV1EltioiVTij946iJNkPKLHmJOs="}},"csmE6Ig2uwsxnZIgYDchf2N1360ZO1CmBtgvhJICB4M=":{"valueMac":{"type":"Buffer","data":"razCR5+879hd0CRD4hT7UC5pQWDQDdIcG1QD1ZdJAYc="}},"c45F0drfGoiLOcpOJ59KHu1acBl88s4vBFZlWj9th+8=":{"valueMac":{"type":"Buffer","data":"SehNU/SSpdDugVC6mhMhJ/7ktFhBE5C4jmEGqItNR1E="}},"c8igj9djlfvC5iO0RC0LB4T1you0/zYTKeLjy5lyDg0=":{"valueMac":{"type":"Buffer","data":"5xC8XxlJCxzppGhpp8alVuv0w+4Ie7RF6RWtyuabsX8="}},"dFVupalz0aqPsP4E12or3dY+mwFC4w9SE8r9547hV5c=":{"valueMac":{"type":"Buffer","data":"V01coGt9jbW8aeYid/yvxh9FOpl8xzgWVIPZS5CN5T0="}},"dGo/BFvsZ0xruxNRLTF+NI7ieAAZCt5ZpzINgIX+P7Y=":{"valueMac":{"type":"Buffer","data":"QJyMBCzs+WRir3+YKDU8cZghm/30QQn44Wp1Mir0cNs="}},"dHQ0VkRsQ9ujVZYAbi7DtrzLrJDuO2/Ga0DRCiA7acY=":{"valueMac":{"type":"Buffer","data":"n98IonovQsz/aufmAWWFzPYAiQWPjNMjqNhjhVEboT0="}},"dJlVgzs5G/rW0kKh5+Q+Bb3kpc0b5GkUQZAckaS/AYc=":{"valueMac":{"type":"Buffer","data":"qnEdVtqqsFhE/mfmE6HuVlfnaWPsRaMWWkz05mVaogk="}},"ddQzXEScntPT9PzBwqZcwGyqXULiSH6z5fAiEFXZiww=":{"valueMac":{"type":"Buffer","data":"6lsigHMMC8BgNkodBVjP0JQTKvcQsrijZXAABWkGtiI="}},"de1HoSzQBcMnDKCx9vXOHtr+d2w7BMK8+qhC2ZGZmNI=":{"valueMac":{"type":"Buffer","data":"GPcG2xWExwnQbjSTA4b+i9XFiZ6xepzgCXvAKIaKUOI="}},"dqiWS0D9S+ZjHDGqtCPLVuzCvq7SWnyGCxH+NwdRZao=":{"valueMac":{"type":"Buffer","data":"si1u7bre73fgRL9K8xL3DMGwuAUIIEAOKStV3LTjlhw="}},"dz6smhN9ECwLnzK5IAbd5yJ/5cxCZ9HpZU20E9FngX0=":{"valueMac":{"type":"Buffer","data":"ct6H5YydVk8OgExQW1n7JyrNdYLltR9tEUI1IrWMHpo="}},"d0ZxDj8HtZd1jfajRD7S47JWTzu9UQ2dVxA9t8S2PaA=":{"valueMac":{"type":"Buffer","data":"ghQIGOJFz7rN4vNh5JVrvGKLs+F4tpr+hJXd58cm7WE="}},"d4RnYXA6sq0IAQp0nKhK630UW3xsqaDBfc+8FrQRWrk=":{"valueMac":{"type":"Buffer","data":"rvg4rj47fQKdosa7EJQbvpPXEM4qaKJjLMCfUUjl9eQ="}},"d4vipmJelG5WPpOzMVSMFctx56m5UCxmX4n5DdELRk8=":{"valueMac":{"type":"Buffer","data":"CiWzZXQiK9q9bapCKxs7I4HqzaieQF4rToIpRK03Z7Y="}},"d4/JvHP+3Iu+tpVLxXBMt0ZWghGbV1/j9R3kSOGYX8k=":{"valueMac":{"type":"Buffer","data":"2ZVgN+Ru03nQoaKsZhWhIPtptbQLNvJt1kKe5p3W7K0="}},"eGnBGDIgINYClVsdW/bjxoSwekLqX7EnYhe7S8h6EeE=":{"valueMac":{"type":"Buffer","data":"+cqxqG2QF2h6rS/Uyi/Dp1vW4u4gG5PhW5nm823lv18="}},"eJxMhWB53cn7VDQUKX41eRIVHlRQRJDcp7Hp0Zw8daY=":{"valueMac":{"type":"Buffer","data":"3SjEj0LQI783r07A1F+/wocbB03zxXnNiI/arTVdclw="}},"eM7o2tJGHkgYo1Kclq++huZD3cegnSCSP201jgNF44s=":{"valueMac":{"type":"Buffer","data":"9io0G8LXsWNxAWrDJWKL86+DUn0398VrO3IKv0rJdvw="}},"ef4BtyXanGquwfExLGCZXmD1X0oZ+BToNA5qZmXZ08Q=":{"valueMac":{"type":"Buffer","data":"XKUhGdY//Hk6fBBaa1oYjHNeCEQpyKey8iWfoHdKiH8="}},"eqsQbgDfMnSCgZHOD84H7xotOorZxrmHcNF1nqphbOk=":{"valueMac":{"type":"Buffer","data":"4l/hWW7+ag+z6kJvzfEuEn45Y0yZsZ/yxCbWiPVHdKM="}},"erptbF36oOBtOH14xoWcvqKifTkVJOFRO6GxBsfCBpk=":{"valueMac":{"type":"Buffer","data":"jVePhNMx57YrXJ2gpKAUJPecKtSXKcY7gfcfjJtv4iI="}},"e/ogDPzCyfVvg+43VCMutRsSIL+rlyyRoAM/7Gn2WgE=":{"valueMac":{"type":"Buffer","data":"nOu6zgFLGtEoOa8DectY/cJ5WbR4eHIkWYZGi4O0vlc="}},"fT7rjoHP9IFJ0wrHGd4a12OxH8LBugYBQ5FhxlcupL4=":{"valueMac":{"type":"Buffer","data":"zBLlOTTcWFHx7XgiYiynNLVWVrN0i2C4rHgXwcugdzI="}},"fUiBVVzYgcU8/Wg1joyptI0U9vNfXn3OiIDK+kheVYI=":{"valueMac":{"type":"Buffer","data":"GaG3K/4ZCCKTXzt0Fnc1SVF68RyUfohv0Lwtnshnzcc="}},"fZXoQk6l7RjAN3kxrEVD4AYMPhXbpp6Lo+y46MM/GrY=":{"valueMac":{"type":"Buffer","data":"ZKrWUpsxaPOD0dobhkjC098xqu49oXmCzr6jO10qvAY="}},"feLp/8nNiB4VjBBBjoiuXGvSJOvZcEYf6H1VaEZueFA=":{"valueMac":{"type":"Buffer","data":"yLsMmDcfrkbWMMD2NrRfBp0ee4R2Sg8Q/+K47BSYlbU="}},"fq6XaSgbCX7HWwLXA3MCjGuQEfFtgjtNLzSvrPyqed0=":{"valueMac":{"type":"Buffer","data":"IS0pU98F2E5XkGs1Br44/ZfrrXx39Ggv+G3JZN7dRjY="}},"fuJ3OG9e4agVhghNOmUjSsmcrPo54CDo7LFmJetczYA=":{"valueMac":{"type":"Buffer","data":"ey58xjt2q6mnGIZZpOT6loawxtu4KU0bEc2aNuiVIcA="}},"fuKW1jWExSsCyEzNWrRL8GlyYG9yleubgACJEi7OBf0=":{"valueMac":{"type":"Buffer","data":"B5h0510AvF3o7q8bzbIsWBG5TN8mJxZLAn4ObfmY32k="}},"fzYe7ayeg6Km5u2N9jT605IdiKNsQenGVnwTlFBJQJk=":{"valueMac":{"type":"Buffer","data":"D1ekqheiZ+MMpHSSELR1K81vMI6bIQeDWkHJwUFn+OU="}},"fzuKJok0ZZwpqGveBjhm/qsqc8q1/NeLgnClBO4kInc=":{"valueMac":{"type":"Buffer","data":"4+d+CK8tI+VScuBNs8btxp/fJkyUkxE3mrDW3Rs3/m0="}},"f8iICVYKbRdFQVjquVdkLSGj3s/fmhNlgRk9FNlJgJ4=":{"valueMac":{"type":"Buffer","data":"BivhYi3u8+eylKvuwBD+YRiMXL6sV1NYs43ll8p7/aA="}},"f/wQilGEUOcil2QgcbSD+ZjDwZvHnsYK1Y2WT3lZmL0=":{"valueMac":{"type":"Buffer","data":"cZ0MsLZ3es9SnHqrOR2723xQNQLSNTw4v7mMLUmFEBM="}},"gB9vFlRCEE9flsBP4QDRhlJfgXHueERxu16E8nnLAR0=":{"valueMac":{"type":"Buffer","data":"HRDRVkhrqo7zGSQHtWLGEsfX393DJoDGOwvMYkF/Xqw="}},"gTfjQBqrRfkXURtOTCTpBakfDFNDTcDXSYfx8lOREr4=":{"valueMac":{"type":"Buffer","data":"qqrFyRE0L/UFgMYqizD6c3gmtGD7Ir9P2zjPtAlkhF4="}},"gT71slBDADQ4vXQe4RQTzGI4Tdc37YhW67fkVYWQsA8=":{"valueMac":{"type":"Buffer","data":"A14GFKVvjqCWlmVmwSzRLUDq9eJSl2JYEawHDZxF/fU="}},"gjZD2RXoFxosN623SQq49ckdLfhDmzMMCqCYa8jcKHs=":{"valueMac":{"type":"Buffer","data":"s2IjtFXDRqhH/yiv6PKVAYkQ9t9uZ0Zxul8t9dDbN3Q="}},"gzYbd3eeBf9wXbOd7Y7xl+5mHl94SlVvulaw3JjCcfM=":{"valueMac":{"type":"Buffer","data":"JI4lwkrupSxGm83Wn5jnEJcUroTFo6toZwnq2R+oFUE="}},"gzdRxxzSeE2ULc3LsuOKoFhUMN6LDxwxm+2PJh+AwEc=":{"valueMac":{"type":"Buffer","data":"XR1YU451fO4mnc/EvjD0A1c9uIYwld0sWtRgaWaVYM0="}},"g4RG9Mc7Qcz5nc31trjXANG14XI2tN0tk3sfOW1/fhM=":{"valueMac":{"type":"Buffer","data":"gwvXOHdfAI+rRIgWwZW4Bb/qiCxFWKn/PEYsVaeEAwA="}},"g9ytpnVaatGVIplUoC3GsQlTuZ0yTPig1bQsqJvmCvg=":{"valueMac":{"type":"Buffer","data":"7+eTKcU6DaLz1Ix0M/dgRyK19xpwx7Pu5+kw0Lu/RJk="}},"hQhuscTBBM9NJN6FYnZFjH+UvzBQX9D4tTIlH4DDPdM=":{"valueMac":{"type":"Buffer","data":"O6fAAfjaqEoKCQd+tibY7NNQoK5LT6PBdNzK+BORm6I="}},"hXDJmiUoFW8RgtG73jl66H788sKIDmoWxdU8GR5Bm1Q=":{"valueMac":{"type":"Buffer","data":"kBy9KivnwfAPdH6G4FlAisLXj9WsANuX77zLLCCwGC8="}},"hhKgoT7Qtx72RCFaRMw2eNq4iaeFuPUwzjV0Ak53rxw=":{"valueMac":{"type":"Buffer","data":"4yEZBlZddraeegRhmg812T3+FIOkrQcBd+rjjW6fiwQ="}},"hjI8DERU2eF0i7Ra1r5qNkmtQo6va6Z1UCG7Ifdy2LU=":{"valueMac":{"type":"Buffer","data":"eKZ6wROzbYm53g0GDueo1AWyoZjteoRZTamj11s66Og="}},"hk9NrdK5nSB1UjdG+eZ4TA/C3CJynTNJStRac9n8RYE=":{"valueMac":{"type":"Buffer","data":"1/sGaJKnKWBZye8yripegomkBTk6bfXih7XGXUcP9Fw="}},"hk/C1RG30f87nXZPqDE1Yqds6QUWMOnrlWgY1j0xhYw=":{"valueMac":{"type":"Buffer","data":"LeVqErDyxTq8415o97Asq7iZ0z9Hp5palHQWB8iULIw="}},"h5UUpraiZwm6t/y7oNIgQ3j3xkzMx8wAWS2jPuh7ddc=":{"valueMac":{"type":"Buffer","data":"phm6L8ywRmWitlAoNTvenV2JKQl2AKsuigC26lMVYfc="}},"h6FFMVEbdiG7RKy+cVbazfR0nUkLFAv9AdaZGAhJ62s=":{"valueMac":{"type":"Buffer","data":"6XN4UKyWRZCUyTxbVyA4S8nNVuXdCXG5CG65dUzjG2A="}},"iAWJAJx/WrY5NdbDvVALMXhpxkonvioLpCEC2i13Opo=":{"valueMac":{"type":"Buffer","data":"ZWoiR+0IpBtN1A9xlUtgx/nYldrlDSGVrGX5mKJmSbM="}},"iEXI25Bem9HTXTVluq+58zou4d1+5XXE7sd8y0c6A44=":{"valueMac":{"type":"Buffer","data":"W/RlLKXcMOmxtowEfA2a46O8w8vaZQPBFO1zHSGdGBA="}},"iI6T7ooxO097X6xolX1wY97wj/kI8umWChK0vyD6fiU=":{"valueMac":{"type":"Buffer","data":"oJx2l/PzIFFk2v5JX0I1vYzLuc1sf9dNtXinC8+Cgzo="}},"ihPS9JR10h8Dm9T5KAZ60lM5iMf6XQtyVI/y5j72YWY=":{"valueMac":{"type":"Buffer","data":"SoB+wP+ayLUS7De49hnflMtUijONmGQyLIOH3w1wYgQ="}},"ivrPoNxfJlaMUouRe5askkkBHWTUXopAuDo2kuby14g=":{"valueMac":{"type":"Buffer","data":"To9u0g853PXAq4VU6lBXdxKUSIUWo03MDwfzg7YC5Xo="}},"i+E4HYdBb3YNEQunRo9YIvqY0r3LXqvkLlUm/JW5L+g=":{"valueMac":{"type":"Buffer","data":"t6l/8+EPI6xGJDEBiMIkoIfRwwnsHQgz6Pj8hU0GefM="}},"jDpeU1K305thqQt5UHapiqd6MiEgqQNLGpX9iAPQLno=":{"valueMac":{"type":"Buffer","data":"uM/WtUh92xt2cyEXhMmGVZYJQoQBVpVMRC1EG6uDN8o="}},"jXKr7iNCcx9S3bGFTw+Ay6ORBFBkHaAYpVesEFMcwlY=":{"valueMac":{"type":"Buffer","data":"WWjZFDhjipIojrMRdWnaEHDzksiffCZMfjXTMyUz5wQ="}},"j4Er5AkOYKy8YB73BZ/6q21tpO6jNYmoSxwxOXsRH2E=":{"valueMac":{"type":"Buffer","data":"9uXCLI266zSLE3YaDQB8DFYUcnz0FQQK8pahWPaCbkw="}},"kNhUnHuZK86VRb7jVdU7J8CgOoGrYWgHkMV1DG0eEog=":{"valueMac":{"type":"Buffer","data":"MhyUnR7u1I6qv0PH2PXY3uCvV2VeLOq6uGXAqQ7qyr4="}},"kPJ6qkA6stoo8Vz3Em91/KuedYLtYycrvahJux+AlrM=":{"valueMac":{"type":"Buffer","data":"HysDjUe2BbiOm3HP8SHsbfJy4BsN4DajkQZqDAIVeHY="}},"kbBonJeLqhyxPxoamDgrHCvXVUuyAzNCWrCR8ZXf2KQ=":{"valueMac":{"type":"Buffer","data":"9ITX45dRaqjeX24hXQYSwIrBTzJ4KMN38FMQAqVlVvQ="}},"kj1S8KOu6iniFCtBWssKcIRAoCYA7vfc25+w7q+lAVs=":{"valueMac":{"type":"Buffer","data":"4UA8wr9i++qx1Cs1W/NTcUFbp1was7Om+7THWoDcEdw="}},"klCkyV4Ly/ns6k3nIiZwR3SPxVp73XNaS/a4fgd+fJg=":{"valueMac":{"type":"Buffer","data":"WsNpgWQk5ZzCuQ6Mxj8Y+qq2+geIqm6YJKirqYKtPVs="}},"kveAfzZPO2ZdVHE31NoCz5c1N1ms4+1/0h+ahSGncgs=":{"valueMac":{"type":"Buffer","data":"YaVcjDscSXRpYDKUgR0l9ep7re1AQNxlFf+cKsvExys="}},"kxMD+NVNHRDyKXHBJQSXl3joqQHizo1dwRJN5iFf85A=":{"valueMac":{"type":"Buffer","data":"U7A3zTTxTClOmZrSNjnjg9kxCSdJbae1tUa7Jlo3x5I="}},"k+JfB5c6sDseYIjbphlWFhc8rqHc/Jb2tdxel3fU8UI=":{"valueMac":{"type":"Buffer","data":"/O2ISODoR+qsKgDDXYCdJ5SSd+U+zh6cvHOHmo/cWnI="}},"lNt7R6wXeJ5+xDpf4Im3rKxsM9q6HdT/PlUBmTl1KgY=":{"valueMac":{"type":"Buffer","data":"gqxUkv1RCwzeXbA+KArJW43Gw6J0D4WxIpCMjywo8Kk="}},"leh47wN0yML5m4qASyqzWncsoNhNBUQYtWn5GnQxYFs=":{"valueMac":{"type":"Buffer","data":"a0q1A3b0P0WiQ0wh1d93dvagkCc/QeqduYKkRPJoJJE="}},"lkorVMzTjI5Lo+7VDOErFkvJBE1B3Lws2egA/sjUHHo=":{"valueMac":{"type":"Buffer","data":"RjeV1X/sHJZ5F95eZ4+8YL4GvlQOFJ1zSOYDh2xa+pY="}},"lp/yCaja7k7BHr7xrb7A9h7wckkVB/ZOoiHAbiocIvI=":{"valueMac":{"type":"Buffer","data":"a09YLWNuy7bYF6s4i8jpEGC2Mv6bLPrNl1zZscxS1o8="}},"lqXo0juaRwBdBmAoZbc/hITZEdkDyopP2pjvnrpgdSQ=":{"valueMac":{"type":"Buffer","data":"MCZOqd2+cxVUodaqmwSZXx5W5LCY1PAnL6Vv0HyKHD4="}},"mNAmR6qAMqGs+zN81pqyYlmhv8k3zpIP1ELQmmjzIgE=":{"valueMac":{"type":"Buffer","data":"oARws2/t7gEcIm7NW0Gr57h8wab5rVQU73trOVelBks="}},"maFLu90MaXB6ikaY9JE7Mk3xj8AXD+vK0hfYWEfGQss=":{"valueMac":{"type":"Buffer","data":"mQkDo/aH/JRZYm0V2DONtmxm2394iPND7xzJVcxQSKk="}},"ma+4WcihtLN3Qn05Z8q02CxnUXFB7dwPuqDl0R5QCok=":{"valueMac":{"type":"Buffer","data":"4VB8kikVYeqBOOeBSn+pWknTkhJ11XDWmojnK7jWX08="}},"mjoSL1XUcvuBxiau5p7YXpUZbgAMSFjP4VnkylYn4ug=":{"valueMac":{"type":"Buffer","data":"DbV6a5XVy13Y/4H6LlfVNmp0jJALfJ3Q5wkAsOBwxY0="}},"mzj/k/ua6T0QuD7SWS9fUG2fpy8nokA9Nc/ILW/GPig=":{"valueMac":{"type":"Buffer","data":"VJYQZoxDnC6aduFvyUEJLlYlLRNR0sBzPE/HUtEVjmI="}},"m2b5PJUmzDUPH9qFQm+yIvw5CzoWvCcZMvLgRKVrA0M=":{"valueMac":{"type":"Buffer","data":"UW+0Hfr2qgu6OL/dwPcQdgAg7mmAahibKHQMTw6BN2g="}},"nMNg1GFlChPQGezve3rDJ0Og4ecsA7drlq2OzTGCL1w=":{"valueMac":{"type":"Buffer","data":"iXPgSnfpnrW0fYBeePzeCUGmP4QGjd47CtwNeb9uinU="}},"nbKFvwOfHoMJM8fqc8Juexjr2vegvCUkcqIkks8uzAw=":{"valueMac":{"type":"Buffer","data":"lkXPmJHJavusbua1kaOJjqSKNA6BmLYsGEzlG9UezaQ="}},"nvt70hsZxmZqvlZjh0klmwjxChAHiAF7vBhCKHiL+YM=":{"valueMac":{"type":"Buffer","data":"3gNr+gl/S5uGpX6STTgDErflb8Yc9ga65gYWxZgz1ZE="}},"oJFo9B71nd3OJUkMsjOKobVhtbkQR6YiEEYp9V3QvZo=":{"valueMac":{"type":"Buffer","data":"Ceh1JU5YROhVMplO6H44S93yQjUzcb6n5j2UW0P5vHE="}},"oLcwN8ltjp+yMdNWJkrx0B4PqGbmmX5Wm8LSAere+Go=":{"valueMac":{"type":"Buffer","data":"78ll6S4Fdm4uN8ypPIJJrmOWx2IFGEiyfKUUrCgSzek="}},"oR0chABjpjWK0zv738Gft9a+AartFlYRubB+GLxzaQo=":{"valueMac":{"type":"Buffer","data":"n+TJJUd+QEGlivc04UV9lsMP4L0Ls7efTGYvT/mRSTg="}},"oV7XLUtzLXGTZuVcVvFnbbZxC2vXDT+1TQ7bbP6J0qM=":{"valueMac":{"type":"Buffer","data":"dXGkC0NlqoyPr19lXqWVLAnDWFAJ3GaMFKvB0zFdLNA="}},"oWC34X2P5LeX9sb8J6I4yVFQV3hN0E9LShfB10VI3Wg=":{"valueMac":{"type":"Buffer","data":"/xjmxzLkMpQAR4jP7toxVIAnsU/EHtAtprRCGhhaRM4="}},"oYceVeTbCgzImPQsa7/EWZGCNNxok5VeFUgAEoRIpy0=":{"valueMac":{"type":"Buffer","data":"OrqIdOJrvlmY8JqAKT9hqMurWLyaTcQYQefwTHs3no8="}},"om9oCLzZ2IlBikK93JIr3/lPi7X90rBeL6tZg+3Hc6M=":{"valueMac":{"type":"Buffer","data":"5wl9tQMfG+yJTg5yICTX3so/RN4MkZH9LuETzNE+Mz8="}},"pVhzDDixDiMhwNarG8MK9m/kUc6JRqmbyLmVYNoNkk4=":{"valueMac":{"type":"Buffer","data":"QDigDeEZmA4cmdICni/tj9SrTHoLPRjtZM5/4jLizGw="}},"pX6FkhgHkG3pXvh3zeK3Kat7GbaHjTIxgvxqARaft9o=":{"valueMac":{"type":"Buffer","data":"JeGoKVtC/ZNVZfkPcX6Q1c87zcc5OaDWEJCk7BAGy28="}},"pZ/8Gs91qhzHguncKwHL4v5FUf6X0C+EaUkWYvwuAnk=":{"valueMac":{"type":"Buffer","data":"JMtp4mvOboyyf4RKNCBtnzvprH9cR7VQEuI9rxR/g5I="}},"plo5B/JGQ3ARtRPJg22d8nR+iUqYz8SNrTMy0RwhB4U=":{"valueMac":{"type":"Buffer","data":"jYSBHnF1tTw8PzcIGQbyw46sSD+uIrKMPT7nVx61e6k="}},"pmwzA3nykqh5/ZNVupxYzxIS5IH99lvMLplIdUTj924=":{"valueMac":{"type":"Buffer","data":"nAuKm261KKXRIYD5id2AaFq0aas0fQjVc5n2EdBTkFE="}},"p1tKGv6ua39j5pEyemYPRaGCFK/Hh6sE2PXNi2qoXn4=":{"valueMac":{"type":"Buffer","data":"ArZA9lPHg1fKTFKrSGzsYZl/qtbzhS7itfktCBcJN5s="}},"qDrKlLHqCbuaIiQwcrPDPDsnAjp699ugIlrS356aUCM=":{"valueMac":{"type":"Buffer","data":"4YZWKNR/T/nsnbfiNoiwyK0wtl9fjfYvIBHsUOVV31w="}},"qGasNau+7mpSO8Y9MKMx+K4h7fSFncGUxCnMmGJ6mYs=":{"valueMac":{"type":"Buffer","data":"GSWzMKcu8yZ7x/pTTi/xJnW5aDLM/K50CBmMojND/4I="}},"qdq8JErhURcmYxOoaWwA8LK/xJyux8sTLas3wopDNOA=":{"valueMac":{"type":"Buffer","data":"XLCxpAQVo/MqHgGuLuhaYXkGw0oo/MMAAugoWRGRNkA="}},"qd9LAV1QAcrzY+auUcp47d9AQIkrO7hMgAORwxb27XU=":{"valueMac":{"type":"Buffer","data":"SWsIp2Ad8G9iV2PPlVYM2kHwTvzTQWS6kU+C8e8yx9M="}},"qsDvU4XRfruuep7Llnj8StwGVt5E3wI3gXLg7TsuY7s=":{"valueMac":{"type":"Buffer","data":"+g4CndREVWuOEPG8bSHr/ziEXVj2DKLnWCHzLhB18XY="}},"q47CPTtVRBZRt36v2Wz2b5fIh1TU5AfOMmN3w5ZsdsM=":{"valueMac":{"type":"Buffer","data":"C5Cpozq+RaRokY8mLvkalAAcfc+if2HF/dcExhg0Qvg="}},"q6v6uzjt3xY9xcDS2IBgiVQUAB1pyTspSwxAG1y9Sv8=":{"valueMac":{"type":"Buffer","data":"gp0REbfvhV278tWaEsywQsoYg/cmQiSzPLyn0b1J+34="}},"rRXpailHUMyNYWJIfiEYWhwlAo76DvqFfuvt/OlXJaM=":{"valueMac":{"type":"Buffer","data":"LxKYgbdnAcwXNlMoaXXZ0toN+ABK3qabubO2beXghM4="}},"rhvLBq2/ITFjEGFGPpwU1mr0U2YaaeNkGJqzLHnkcsg=":{"valueMac":{"type":"Buffer","data":"sZiu8IUzYbAqp2yjVDaqQ2ORJptLbza+x864y7srQU0="}},"rpNgJf+QGHJp5LpGbWroGEWzld6QFwUme1J36QYkzsw=":{"valueMac":{"type":"Buffer","data":"o0GvHCTQYgxyP09DLPXSAfS8ApnoUqWOUzPTb8sp5J8="}},"rw31fIAQzCoe5kq3Jpx0rn5kYqIOtAS3ym7rdIfXYWQ=":{"valueMac":{"type":"Buffer","data":"/PMWGCaMBKUnACzT+TavDYFpAhMHka3+Qy6ODC4tvpg="}},"r6kKayTwdCzqNAtb1CDgdyAjA0Kp+6wwZ9rzayTpEkk=":{"valueMac":{"type":"Buffer","data":"dnnHKkYXJrH+B301Gd3zKQ7BIWDOCmlw4zXhDA0W35Y="}},"sBq02+oGUPklafqrpghz8fvSDsm2U9hTe+5IqEzMUgY=":{"valueMac":{"type":"Buffer","data":"fMUzEfy6T95Scn8F77K0nfsdnBeF2G0ws0P5lOSmeek="}},"sIyJUH38BkNsUx9D2doHoI/faQB1UsIXPPcLS4mKFII=":{"valueMac":{"type":"Buffer","data":"LYkB6Yb4w0+vWD24Dqh+wmChXZDzQ8HWVN6tsqqGFn8="}},"sQ0BAbM+wOhhbmYfZVkE0E51uLZ32qVSYJ2IDV0Fac4=":{"valueMac":{"type":"Buffer","data":"6fl9+32Q/WOLmA/7e/o3nhXuvtBWjkqq2mG9T7sepqY="}},"sfnHZPx6SesBesXoMj2J71eN76f3u/LLg3XUmELO1Fs=":{"valueMac":{"type":"Buffer","data":"GbMAY2u6ajkOL07neoIy4WSErTo20TzlHmFFwqy3sVM="}},"siJ+vlWtqcmO5cdEc0LN93tU77P4p5bYRksinYIPAnQ=":{"valueMac":{"type":"Buffer","data":"yb9Rgzf9revZhDaXPOP5ufjXMxBCmLHpxw8zK8d+S+g="}},"si/+Ii/LgEmRM9hBEmdRywnam2CZSSyrtmtNWBLz/bU=":{"valueMac":{"type":"Buffer","data":"yplsRcv52eVJulUg6rUibukMP54wiE8LbKeSjL071UM="}},"stYH7xs0fAmBomY/8lyKSQm5/8HVMTwC7Nkx9X5Hn8w=":{"valueMac":{"type":"Buffer","data":"rVUuSVE7/xkQsZuRFcLXCvpVM5uJJPIKjuaoXg9p9IA="}},"svGLRN9iBPYI+e0FVXWryoL8F4/LpHc6gOsGEOKU08c=":{"valueMac":{"type":"Buffer","data":"Lp4CMr66CyNVeqo4Zoiztl8EvNtupPRqsAR5r4gRA+o="}},"svorRddmOJCOsU1/TFKBOLUc9uJGhIUvolXLU86mJ10=":{"valueMac":{"type":"Buffer","data":"q3bs5HH1+Ncr5MWpYd6dpEl4wRqf/3r/3mVUqcKPx2E="}},"tFOQmqTjua0doX/9CjR9s3gTLY2hULc/sjGB1PVQXX8=":{"valueMac":{"type":"Buffer","data":"pEi7cfUdVbAKdsKb7gy37I6tb3Y6NygE6IUIzLSEzxg="}},"tIGnGq893FdCvz1qK2w2U/eYZLqZsezRxNqiptuzIGE=":{"valueMac":{"type":"Buffer","data":"MZEHT+NHngeg6o9StuAPM2GYEfRYdz8/KbNKNPmCWPQ="}},"tUPkudLDEqkdJ5vtZjV44Xg6s3WbCroFARxjcPMX18U=":{"valueMac":{"type":"Buffer","data":"UGnnA/hFlULD5Th5gGD9ILPGOpyS8mMuh9k38E7evlo="}},"tYmtMrLpNY5TMLiKlx8OlDPZ+9xBP6pOG03o/Drol5c=":{"valueMac":{"type":"Buffer","data":"PgvYkU2Gcch2Xmd8rf/jru/EAS6VMLYzB0iBkdOFsN8="}},"tbGNEnpDYRpJNmMqwOFouMtxphH1C8SQ9qnfTlWDdvQ=":{"valueMac":{"type":"Buffer","data":"EhNNq9Ijzf0YYTvXG+R23QNyj/7BN69wELs2UcgvxlQ="}},"uM2sIEpAYtro4gdPCvIAykRLT700I7dob4thNnDIrNI=":{"valueMac":{"type":"Buffer","data":"2YxnvfHWxEnMgTh7sC49k7NOKe4zqc/a7mlG2mTSG6c="}},"uNgQNAZU0kkqpMQTwlB1P5fgHINfrH3LCAzwLan2NeI=":{"valueMac":{"type":"Buffer","data":"BB4sTN5bijyRwtfAIWaTd2NeTYzKuQhZXbzot3XFIws="}},"uR7mOpRF035hYry0gr6vJ3SohOtwYPFt9JU5EmBfXo8=":{"valueMac":{"type":"Buffer","data":"+G0bD/vP7SkF7OmajEOOTg/xxJWbYWVtJqoy6Ov3oQM="}},"uX1MAlSf1ToMXlzTy690XbOIHpZw1pxSlJEnm21L/Ts=":{"valueMac":{"type":"Buffer","data":"wb9gT7HRkFYR/3gPMKjo7dagdrTNo+oU1ONrb08Jj2c="}},"ua8bUqYl44IAfcYuKAfVOHd4uwlw7zhH1RONTE1HDb8=":{"valueMac":{"type":"Buffer","data":"h5i1lxhDTnh57jRDvQeVgl5u3qtU0luCrgi1j1uEv4Y="}},"ueXfp+ejiIq/xFCwYIq2gcbeOYeiRjCNme2ZHkJpp2U=":{"valueMac":{"type":"Buffer","data":"92PQXo1EQjPH48YRs3xS+Z2vsRuQ9RkQYsy6dbox1zs="}},"ujDVXZadfmidrnjL+1U/nlnW0q1m0xHyvaDavqn4+w8=":{"valueMac":{"type":"Buffer","data":"hObk2rYrLMlgs1I8E2xfguJygE5AOPz2AmT3YgkDG8w="}},"uyseWQxHV79kOuuxwbKZmaUV4kwkMs3WHhF+Q5/sgCE=":{"valueMac":{"type":"Buffer","data":"DHN7Y3v86zLOkdRiHX+rNefYhE6GqoY49S6WsvFqtug="}},"uzslk1iuLetmolnBMWKylLtKEbU5fMUtvvipNax8n1s=":{"valueMac":{"type":"Buffer","data":"euiCa8h1rpBGMYISWvLFjhCkBvmu8pEAqRdExJPWJe4="}},"u2QMKW1qbkl6/7vm7YebSgR/778IBzsZI3yig1e3qKQ=":{"valueMac":{"type":"Buffer","data":"eAiMYOveejfy/DjAFM1v1vWJFIAVA7uweqiSG4wt3z4="}},"u6xeoFOy4EcAQSAhxlTY/I2Kl8jnXwA/0PHh7AULkMQ=":{"valueMac":{"type":"Buffer","data":"UMpEPjTYl/v/TMBlHhV5hANA329UtyDCjSWnxiwJyjg="}},"vB8yNaiIfZ3TO2rpQ3AksY0E3wYaAO3qrJ2GSTUgQRw=":{"valueMac":{"type":"Buffer","data":"FfhhtSr63a2Fc8n2dh+xv0yJGg5zFXnSjnR0NU4cLR0="}},"vUMUbC7Fp+o1QJJDbGBFqp1G8iCRzmKkXMXzDxqjnvk=":{"valueMac":{"type":"Buffer","data":"bdkrwKGda30PQ6qyLY08uMzHAUicqyC4+I7sn4X/a5c="}},"vaHSPDY6NYzjbh4/MnSvFNH8hswrmQoF7ZoaWrnqdwk=":{"valueMac":{"type":"Buffer","data":"+XcNjHe0S7RFc7M3qAYY4WawgKTq+lkOSPze0xFEFhk="}},"va8L9k1ntLktaJPUlPMA0P5uRMW4GWFQ9GxPHOJFFpQ=":{"valueMac":{"type":"Buffer","data":"QlEgzcjN56sb8ibXHpio9ewbSo8+my944yl1tXGTfpU="}},"vnoBx/GksAkNhDB1AKNsH///TBD04aDX2klIX44D350=":{"valueMac":{"type":"Buffer","data":"Gecd9RCydMmyfJ2/iPg70NLssjmQLcOtGJfUA83R9f0="}},"vqDPWE627i7Kwr1iu3GiBw48RBOnqvszTCMlLzjZwJI=":{"valueMac":{"type":"Buffer","data":"zpTkJZwBAUSMLtvxPEmo7QrPxx2xAY1UiKIMHER6/qU="}},"wDWZC9Y1FLqNUe8sh2z6F7exA9AnH0iUlbBD50HEtOQ=":{"valueMac":{"type":"Buffer","data":"dFqAwrxOsevvnH/xud03QmxZmPYW01ERh+CCwzGaB+I="}},"wK3Y9NGMO0fW5ii+md7NBHnJs1uuG5N8HzYqkYpa690=":{"valueMac":{"type":"Buffer","data":"iWI2DQwkuCgmTJZnP0XNmpTVK/f8MofJN4kUmABBnXQ="}},"wSOjYmuSC5elrEs93TIhfPZQWR6DB/mBMyrNw9OkJbw=":{"valueMac":{"type":"Buffer","data":"yVSyNfMpv15UVQKKzyj2waWG/JsfTruiq0kLjE7oUpE="}},"wVH7XyJIlXIwJq/rb08okGD0aM2nCBFcbRj3BiFsHJc=":{"valueMac":{"type":"Buffer","data":"44OLrxkd8cYvM8r0WN+nPF1iaJ+agwirRGJQEbT5TDs="}},"wlPSlmgayjgE4KDKNaX9bTZ8ae1eaiqTnCdJfi/s89k=":{"valueMac":{"type":"Buffer","data":"x64LjEdCn+dTTEdBKVxQkzj64bSUDukG5AcqXl51kdA="}},"wwh9lKIKxBqHD6/RBbd4kqOpD30eXp5adyoksApBH/o=":{"valueMac":{"type":"Buffer","data":"z/ZXAa57D6BYgK8riS9HdAxMmq7FjrWvfFMOhqNbHCs="}},"wyq/p86iq1P+0521K/yTvGnqv1/e1ritu46eiN1y2KI=":{"valueMac":{"type":"Buffer","data":"Zlf12m4cbw7/yfxhYeheFhNulSDPonK2SmDHa7lPlxo="}},"wzU2tM4GLZXmM02NI6T7o6BpQjjXd/aHg8w5yxtxcXc=":{"valueMac":{"type":"Buffer","data":"28fUybzQbyW59owjey2+NcxF+30oe6n9yWPfuy5sTM8="}},"w89tZFsmTritRPXmQ+9v5ueON7i8rceWhkgaAPltUGM=":{"valueMac":{"type":"Buffer","data":"U2QlRMbjle6DccQ1rkrIIJUR6q/gEVRV9vIVqcAgIOw="}},"w9EZqE964zkJFooGzY/YLg8o9alpwRECn7kO+s6/BmA=":{"valueMac":{"type":"Buffer","data":"ZfVsto5eZcnqAYhMNmA3eMbJ4t57U2iaUHGqqsEC/AU="}},"w+Y2NQkjNo3HNJNwOkjJf1UbOgjd/itTF9UuTwGhgnI=":{"valueMac":{"type":"Buffer","data":"Uw4bYcXI8Qvsf1J/In2lna8hokgYY/06mFtTR+IVvMU="}},"xG/+07AD2ZHb+aOlpsruLfkbTH4jczlcKLsvBEmWH8c=":{"valueMac":{"type":"Buffer","data":"5PVX2AXeZxMlv8fAFbffnK3T6+Oj9KZrnDXZ64EjoaY="}},"xH6+rYbUDI/UlS7EqXJAMuYZ/pvAnYdpNjBB/+QApm0=":{"valueMac":{"type":"Buffer","data":"dhLTpJ9s5tIVsWQ13yGzS8H3AyTy5k7g6D2Vf2LnfBU="}},"xIBvX/oJxL32OPbk3SWx0S1pWtEGzdKexTYqi0GJnIM=":{"valueMac":{"type":"Buffer","data":"/tnr9XHE22BGZa0pCFasJoaac+uWOXmruxqxM16nBA8="}},"xPVJ3lo11iuihP6pMMYLVu1PUbdt38abwuS501WzzP4=":{"valueMac":{"type":"Buffer","data":"pSoVser8sB2JFA+Yr89kXLpqrq/KMP0dxd2FfBX09nY="}},"xQT8jSBUUChTztujGVqH35zvLI2EwPFXY24ikSZOBJ8=":{"valueMac":{"type":"Buffer","data":"XoPqY1tGfUkyLYmMpQRG0yzuJ42HcGO2nuJArmJVRe4="}},"x0N9/yfLvyQ5Ek4+g2rkBDK1oP8PCIHwh6M4DqZIxT0=":{"valueMac":{"type":"Buffer","data":"nSdfCl+n94ADvVRzGE+UAzettSBb6mo3TmvdYpdnRx0="}},"x0jBbevBq0EgGDDeW/GQU73n6tSfuqu/iawaqvMxBDg=":{"valueMac":{"type":"Buffer","data":"usEZxnUvV3M3HUAMVruHou4sI26PFjj7JwFkecFGIP4="}},"yNrAmV1UEbmcjzrtcIxlxsOLcVABphiqC81/sXcKiLo=":{"valueMac":{"type":"Buffer","data":"IImO80BonesJvt2HfQOvDTP+kUnJY4NviDpPXbNPiqs="}},"yZgGw3C8mlQV1fnBmVyfCwFv+ONfpPIuFFoqe652W/s=":{"valueMac":{"type":"Buffer","data":"ZnYLl4eajQ3MrAepAmxscBN2PDgCkzbBEvBeysOG5SE="}},"ybCSJAoh3nVM43OJarcj8ycMDiTdyoluBOu29KGjqrk=":{"valueMac":{"type":"Buffer","data":"dYKARLWw8skhHP5INpEzGeDEnNj+HggkqkX+O4ZwBcg="}},"yetM51pXchvUhw9NJ9LYeUuSqR13mVK8FcvcMI1vfOQ=":{"valueMac":{"type":"Buffer","data":"zNn8Bv8avJZXcLw5cb2b+xJUgytrcWykc0+BCCISDRE="}},"ygMAM9RnTCIsD/q+4mSJPWzL9yGrUMgZZcl9nNYz20U=":{"valueMac":{"type":"Buffer","data":"fKkooGN8lHDMKVf9zS4pDHF5b5/7zWCnFZTP6uGEZVE="}},"yqsjvHHRwQsaWj6nBIuL/8ev2z03dE+C5sk177fwlSU=":{"valueMac":{"type":"Buffer","data":"2ZQQpfE6wLFe9sK40cBr5WOn46P3GokLCSHakCbyy1k="}},"yuA3dXVwVqpsY+LmLLfm525pknYezntNHjsQOS+U2MA=":{"valueMac":{"type":"Buffer","data":"cPxYLJQBNEaiLyNoyZ4uFSgiN4agJZSevcGNDVNHh7g="}},"y3nECKESCpx/WBjG17QFbUo0mZdCxI1ng6ClgMtjpPE=":{"valueMac":{"type":"Buffer","data":"ozu4xbR2MDZrSCRYGpvmJe77DaNh8q1cIZPgkMvBTrY="}},"zBWwm64mZNVTxbLfXNqj+paiB8d49myj3o/3SKuCXso=":{"valueMac":{"type":"Buffer","data":"ztN9tdZ44owKZjmdh5O7srnvD+U51252YgHBa1BTW04="}},"zCCwdU76JNF35kfV8fq6az4G4JluSI1tYTtaVPdyLzE=":{"valueMac":{"type":"Buffer","data":"JVl6RodOVFxrt28G/6HyUsKVexntapf9kRfjC570sBo="}},"zMK3gpA3Kc1y86KNg5uwKMg7VvlqAMyqL9wul47lE/M=":{"valueMac":{"type":"Buffer","data":"gboSlM+Dt/b31qsNQZfOWSKCVvyHbqlrMH39arxaRrs="}},"zOpK6kE62W+9M44K7lXGk5g/cQ/46h1jtHQ8ODbuQ1M=":{"valueMac":{"type":"Buffer","data":"lSBOvQTZbV0U/1a0DIExIj99vl9f1L4dKuTfJMxHI7k="}},"zPDIrmRwrpMcLP/le9laxqTvJo96xxMNhOkaNFryAbg=":{"valueMac":{"type":"Buffer","data":"s7OBuVfe45g86AME0L7zsFt5R7qwnTVvmmVI9d5nkD0="}},"zR3s7ufSkJTvPIWQ7aWJPKv7HO1ZmXYP5UERl3lRVe0=":{"valueMac":{"type":"Buffer","data":"0Xz7dyqSl6H1cCTbU7ITCnqivjWcjF7XkjBLeu9VZEo="}},"zTl5rIhMPr3Ku4So9AObpzbePRXEqFjNnV/2z23Jb5M=":{"valueMac":{"type":"Buffer","data":"UDrLSy6c7f/jOpXJtQlr9G+YFdLYDTEQ9mttIXuD7Hc="}},"ztAoiwaNYpkQnolO9miJcbmNLEDuQKrEij4cP19/3bQ=":{"valueMac":{"type":"Buffer","data":"X5EHAZSDoVDc7YroWrh7jU3IMv9ge1fKNBKMA5EPl/E="}},"z2ozT5EwT1MxnCFFafbJaYWgHKSGFeO8KTPRBCDjVM4=":{"valueMac":{"type":"Buffer","data":"4ah+B510wmmOk2JlPSN7BpULA+MD0of4ja5ECeylUp4="}},"z3PApMSsm3mQgqL9BLQmM06Nbg9AIIsiIyp7cDc7Lbs=":{"valueMac":{"type":"Buffer","data":"cCy3oOhyO+e/jXyN2Dqu1CsO9z1YwKGcTJBXYE1zE4M="}},"z7KfSWKCI/kelb+tbKv15oIiZhOCuheNT9+DwM7UyrM=":{"valueMac":{"type":"Buffer","data":"+Whuhv1HvBd67SrYJbLctyBy9EX3+Xf/ASJAdcRBhJE="}},"z9H3wg3rEym7h+RiNLJagduIGSTyxMLh+eGXdKW9lM4=":{"valueMac":{"type":"Buffer","data":"nq+XynMPgRG9a20JrGrS5mkkbCgtcX0bNphtzG9r6Zo="}},"0GorW/wH/sS/EATaTrQBqJLoEZ19djJCjJaYjlK8M9Q=":{"valueMac":{"type":"Buffer","data":"kFoktphf9Jbli40UFcIlVc2CDKPLjVuiMcwfKmpb28o="}},"0kRH2Pp7oIdoaovw6BhW6920zwhwlqhRyibAhCMNnYU=":{"valueMac":{"type":"Buffer","data":"mR9QV9FCvNeJnci8ZcsPG26v1xnf3FuHJ+Y53AA9j8Q="}},"0mV9TU6J87zJiXy3xd5h3lBPlaKi9G+Yl6If5gPr9yU=":{"valueMac":{"type":"Buffer","data":"rEFwC58PhyUat55Jf/j0ELR/u1+2lO+hENCs5PShXNE="}},"0/tdphr84CQZC0vGj+YcRiFr0x6QTvAn+1BqzMs2BVU=":{"valueMac":{"type":"Buffer","data":"Ms56sIxQqsW1zqcCOqg16+ZMo/knj0rTRCufAQkujDM="}},"1ebyTpwcqSdVEY+SGJgboiBiVUoqVA6Nyh6Ah1EdVnE=":{"valueMac":{"type":"Buffer","data":"6UAO1hahh7JnswozKKNni8AggFGn9MxreMnjFxOF3jM="}},"1lm3onlizeVTR1NhgpfNgvio6unepaUBpXcajPwzz4g=":{"valueMac":{"type":"Buffer","data":"SrdEVp60/sXqY9qXZvmxUPqOeUFe5nG1y9eEuLqiMiI="}},"1pJWl2F+wI8JMtjvhrFS6p6P0ixZ655pFaNcXsNMI70=":{"valueMac":{"type":"Buffer","data":"VJRlleVua0YRYL1wT/+rk12x4hx5Z1m00F4Oya/S49I="}},"1sZGlV7DE/yglsOyMqy+BBwgKEmI5odJzmrmHSORa1M=":{"valueMac":{"type":"Buffer","data":"3p261zxuJBrsDvfd6AWTHaWDkDDSg9ucIPseR6RmoSc="}},"1vv8G2Xu9zBrT8l/DJ8deb0KKNBtbOOQmXfvKQSmdgQ=":{"valueMac":{"type":"Buffer","data":"VDCjF04/e1+8nNRF3HDGVqT9se9Ft7AG8WtdCk1ZYEM="}},"11Wy57twWMVC5od+YMv4r1GVCM+f02Bremi/OL3s90w=":{"valueMac":{"type":"Buffer","data":"MIeNi/AsP8YGZNsqnYVvzo5fnK6zCsN8SR5ZQeycJnc="}},"1+w5W4gWwQUOWE5xBDFJBdHhp345MRh2pb0w7K7LzUc=":{"valueMac":{"type":"Buffer","data":"yldpjffbriD+K+5zmCl+wCsUmh8G83MWFpvbZ9NwRK0="}},"2Nu7kKza64jolnWEREQjjUXJzhL+SMSoj7gWWPULKhY=":{"valueMac":{"type":"Buffer","data":"Jh8SbS5Qs93vHc5sOqMnodSInS+8HoP8a9umVSEZMCo="}},"2VKkohjnZhH+vyGijYY3JnL/WfPeUkgtd+aeHnKyKKU=":{"valueMac":{"type":"Buffer","data":"3CMJrrUtTScb7Ewt7AUsNZk7JlVXQf2TaysBMUN9gjE="}},"2WPVXWWCWCMe8O2qrkqHfXYgMnAeijnPLV1S3cjwL3U=":{"valueMac":{"type":"Buffer","data":"uftaDNlcqHoL2/9zXuQlekSd/WDVrrAB8q5iL8zxFP4="}},"2nqd8DsAUgLwzFQyWi9Ux0E70p9oRanuoWRocZIvSrs=":{"valueMac":{"type":"Buffer","data":"/w5ylpSgyJvv7h4JXib7yqfSS3Irs3wblelOeWc4R8o="}},"2yDRTnpgxl6J+6clmVoRFaYDitcZo503OXanmh5whyw=":{"valueMac":{"type":"Buffer","data":"+zuldlV8JfElXrxI3vkOVHagEwjvKpGSeBFGOiT/abI="}},"2ze2W/Vflace0TGlNzeKyD0yuN0K0bTziGM51Xdby+k=":{"valueMac":{"type":"Buffer","data":"471/OxqnzOUGAwv+RpWNCLVmolBiN6pllAiMlg45i0Q="}},"3DrofygjR5RAQ6M2tAICeN10RPxSQZkYAeRxn3DuzG0=":{"valueMac":{"type":"Buffer","data":"2OF5t6N9ed3pWYGrs3EdGgsCXx/diFCp+eWVMNuPQnI="}},"3Fdkj/x4NNNkRhkIODBq/6ICXX7GXL9wN7Y0EHggONY=":{"valueMac":{"type":"Buffer","data":"DK1uha5e25XhFQGXd5cypnwg1ihcFPyw4lmxxt1mRRs="}},"3I7biWqBDhPxlMAMjnB/YsYV+hhTGKIgEIFcNTmw6zs=":{"valueMac":{"type":"Buffer","data":"UQxFy5Zzthjbyk/UX5NusAR/LfCEHe/0H5Yq3WHbrzM="}},"3fCwcp/5+pH6rqWjtGkq4yjSu7t/gQrM+VjnYIsLQeo=":{"valueMac":{"type":"Buffer","data":"iwjqMUy5XuU8fA7WTG8v5n+Y0WN6R0LwRrY92N5r6iM="}},"3mAqLx4z0K4qjJSkC4Llyfm5IUZ1dP83C5rVqSzU1KI=":{"valueMac":{"type":"Buffer","data":"3XSlsr+OiUiXINdg61wu+QIsezlojAvsvmUuy+aDg+k="}},"3mrUgy7HZNC74hLmkwmsTCXG8mqQZive70duNP2NA5U=":{"valueMac":{"type":"Buffer","data":"OPol586C7ZsACbB9OR0ixG31tnGXXKoKIUqL12S+6rM="}},"34GH9PUznovsRXPlKJCyPB+Y4OFRg9gSYH2sCYw2Cbc=":{"valueMac":{"type":"Buffer","data":"qLpUNsZl4qzh1OPidaLyC7sGqq1HqiK+fR0PHPAFpQ8="}},"4ArXHJMPhSKHMiL0JmhjCFE8eX/gsl+JNoW81WiYPqE=":{"valueMac":{"type":"Buffer","data":"LA+VC+i0IL4NN4Jb9nIlkdzvJqeZk+knTki3MxwfYn4="}},"4Lwv61pZ+lK8gvcMYodpiV1C+bk7vyBnAwW9rPX7MT0=":{"valueMac":{"type":"Buffer","data":"3s+k+JJiDuKkj5oNILE17uPTzYM8QAPUWFt2LfRv/iw="}},"4lKRDzYe4tSAcNk31JUR8aNdrg/0zgKivxAoAczU+SY=":{"valueMac":{"type":"Buffer","data":"p3ZUrlG6b7dyEIW2Fl7MPJRo5xYaQoVh1QmC0Ngq6+Y="}},"4tF2mpMit0jaSba/8eSgA1dm8HSTGZytY4/rvHzt364=":{"valueMac":{"type":"Buffer","data":"rmeNMyoNFkZBd2u3x+ydkzdAbEFf81cLoracvrJVeNU="}},"4wUIjtml2KxcvxgsQpB/xV9ic6fSAK9FSkp/Zioz8Fs=":{"valueMac":{"type":"Buffer","data":"RNbwH8wvS90kLE69JXfoRLqpT9d2dlqhAmu62fipsLY="}},"4xENGcTek+q/hIJxmG044N9jEf6D8g3gvYHKxk7XRHo=":{"valueMac":{"type":"Buffer","data":"JfHoJmTPZi//0JuYsDqXQqM+xUlSHuHDkX3f5ySC9qo="}},"5AcUKssYPlj+23aHiODtLc6huPitJTlUi8W63fDtpYQ=":{"valueMac":{"type":"Buffer","data":"9kto2zYDVHa58BtUzpYR6QO7iCinNtD3MGlHCROgNxw="}},"5SP1TKSzL440Vk3uz4orcKN/6XYAQCcP11Gq0+KZvAA=":{"valueMac":{"type":"Buffer","data":"cvuO5LS7qd9dW9C0jYs+6Q3LzY4lSENEzd2RCXXuQ/8="}},"5UvMUFoQegv3VmAA6Qa8mCWheEHMt1xOtYUyEcB5pyA=":{"valueMac":{"type":"Buffer","data":"BVPhHDq5RVBn3aSWN71XKVckzMOlTz41WyBMt9YhRTE="}},"5qO5YRTDytrXXrE06EHKQJc1oQK1ssiN5lobkw/POL8=":{"valueMac":{"type":"Buffer","data":"gHI+FZOALhRoaHA140mCH7IDXb3zvsdku8sDsamZzWM="}},"52EDvemI4VQbeiobKM0ldOAELeCaXOfWSW3q8Evf/ik=":{"valueMac":{"type":"Buffer","data":"dtqHp9Oz4joHnJUKvk0SIeqm8fqpHhfPdiijnXmaAgw="}},"54KN80PcLTkaP2jFFh8zaURlQmVY1TDIm258E8CjQH4=":{"valueMac":{"type":"Buffer","data":"mjPmSkalrelw/2HkAgV/Dusa821FKXdl4TzbukFLVzk="}},"59qFaZ9/kwhKgcKgzEzlLSshX7Jv16ZoYDrMzyNrSdA=":{"valueMac":{"type":"Buffer","data":"tqGEqlNk92HIH5+XzJ7WsBLaiKMWfbx5C9XCu4/KrWI="}},"5+RFwsUvEr/9b3q8BxGWgErD2SxIfTgbQTNCDkvOGOg=":{"valueMac":{"type":"Buffer","data":"OC/v1VR0CAm2djhic6dkdHbO9ruZUX+BsC/MzxBhL/k="}},"6BRk5sfnw8EF0VaDI7/u8/h2VwqZOa6IYrgBMdk6p54=":{"valueMac":{"type":"Buffer","data":"Br2BCgdhdlB6bONokOcV4/3FndScOQDxTXZsWXX8ipA="}},"6JsM4olH6kde6K5ECDVWFLz+lHW79sOu1lOv2iXZnZs=":{"valueMac":{"type":"Buffer","data":"OaPeszbWAvx6xNvkFeFZ/qofzFMZNjckA/SaML8AvEc="}},"6X64QBxB17BBNZWSEkCqL6vEnhrYp7UdtSrncAvWtu0=":{"valueMac":{"type":"Buffer","data":"dtO9L3MwNKL5sX7rEXhjGXOyJChvSdvdYb6unJ7ywcs="}},"6ZIk/zAn8lwd+W3aoErRoAqL9aploSmWeXpOlbsPLhc=":{"valueMac":{"type":"Buffer","data":"FZVXbyHMvN1K0EosH6tZCCpR4L6k9ZGBPH8uIg+mt6k="}},"6eThYSoEpsy6AYxa1sK/cP5se0D+F1/+xoHTPWbR+iA=":{"valueMac":{"type":"Buffer","data":"yG/knRSTr5+jRMii41raYWHeEOn6iDq0aukVkn4MVUc="}},"6iJziwusY99Hzt8phie1Qo3bOyPoLDzOCopOQqg/b9E=":{"valueMac":{"type":"Buffer","data":"+Yf9Z9J2pF1SEPVVnsqi9yUQXGLq9s+NWJQ3MOye+Z8="}},"6vxnqFMqSK6Kqgem5WIGQkgp3xTgKpjgPOsBsMzbpPs=":{"valueMac":{"type":"Buffer","data":"yKREaZONWUhIBGLbZwKWnYHrJl/d4SOhqUu7Q3K9o08="}},"6+PGV/FFY0IhPWwygM1RFYLRd1cwf1ICztTO07WeUFo=":{"valueMac":{"type":"Buffer","data":"F/twOx+KSHHRHNdWBg6KZB9vVu9rAry64P7ibWqaRWA="}},"7L3YcPtXNE4IYIL96k9Ew4mlKCsdFTXZ1YjmS9LJPDI=":{"valueMac":{"type":"Buffer","data":"UjUVv0+DUHNqDnGJDwBe4D0E0Vm2qvJ1GZ60c8HGFHw="}},"7MUhJmkqAB35G0G/AcznJzzrLrjBr6eENpn9DA/hdEI=":{"valueMac":{"type":"Buffer","data":"t2d/jcGvmL1Jc4AXq/1s/xcY09VVOWHmmP4TxHsj+Xg="}},"7NImEBbmgd87pIiVTS9J9DOXw+WRREfKolspUTVAmRk=":{"valueMac":{"type":"Buffer","data":"++I9QrcuLhxOIZtZYY7keNx8qk963Mb8DEcDoI/xcBo="}},"7fYGAyYEUwNqu4wKGeyn4xb8cJCY1c/dn56UAJikRlw=":{"valueMac":{"type":"Buffer","data":"xCWKeYrlVEVA4mbZChTl43tlYD5n8nLHBss40EWX5rA="}},"7nfF+bjp+vtkIEYnYgG2Akf3q0Qc9jCLg0gmTNe1Mes=":{"valueMac":{"type":"Buffer","data":"I8nsFFhSZJYjl9QWAnU5ysApdbqs+q88qKw6ASUGv+Y="}},"7osBjOfvhKl26udWLrx57VZYdFZv5u+owOxqqCyM2dE=":{"valueMac":{"type":"Buffer","data":"MrCpHPgEwAtZ/I16DSYng3eW3B+ytfczp0WEokn4AYc="}},"7q0C+U1wLT804eJ7weiAYG3/qxwmZ7UBbUxkwGreqcs=":{"valueMac":{"type":"Buffer","data":"pZ4bUtD3Qnd1vXvfwZyJmhu071+133j8LL87o4E2IBY="}},"7s6umCO56JXBdo5/A7wM8fexR8s7lHN98XlAMpO4WW0=":{"valueMac":{"type":"Buffer","data":"wFr7AEWLSBBWJnySnVYNrQ9ROrTPRyGnIKrtLFyxeZQ="}},"7wYc1xUJwbLftaWYTgDUpqp6IN9p4aMarjXNEPebW6s=":{"valueMac":{"type":"Buffer","data":"YsY2o7PBk3a3/9SFwqAbedXEjvHcS2/41rH0eN6Q+R4="}},"78Q1n6ytLBNGMM3QDOU+yFgFHGI42zo57CFV01t8khw=":{"valueMac":{"type":"Buffer","data":"u+Tif1a/BLe1k9ddl2N0FWD4kfev659VpowUr6ZaaYE="}},"7++WToRn9G0L1UGd4Zp87ScYE6pZ0ZSutFU8kTS9IyM=":{"valueMac":{"type":"Buffer","data":"lu//2ogsXCNHMS+3jSfclxlMQuomaE2qRpOzhEZrPYo="}},"8D2jgX3MnDL7+OMWJvsmZn+X0alod0lzv0eYCFMHGHM=":{"valueMac":{"type":"Buffer","data":"7NyEldCpHAWDw0+szbZ/D03aKRI05UL1soahHwwV5Aw="}},"8KELts0blddPVvIXAYkjFXLykJHXkC0vEfQe7gGMgz4=":{"valueMac":{"type":"Buffer","data":"f5DJN7RFw8HfU0DbjPZLrpvPhSvLbyFy6otmwJD+9/g="}},"8LVNyj7ZEbLCz0Zlg6hPtoUIQf63U88rWr9ffdf9Fb0=":{"valueMac":{"type":"Buffer","data":"vmokiCEnnW5wKYmZr4zkEHxNrOA9ABXYCRvJlduuPPI="}},"8NGXc5EjDddyUGLh9L/J4W2N7AF9Q4A6bSE7AI8LoPw=":{"valueMac":{"type":"Buffer","data":"I/Ow6Is2mkrgDZsDJCKNhROAAfSfQlC7HDmpNzUZCrM="}},"8NcEP/0RZn2iLnv5sAtMymmAIt8xhahRNPccq9eJJVU=":{"valueMac":{"type":"Buffer","data":"PoyEjT6bnHHDGxndlSg3KSw35Ycouo1LN8hEhjr8MO4="}},"8Weww44kJ2v1a4mnseMk2mOMOEMg9umDCwTrEB5U82Q=":{"valueMac":{"type":"Buffer","data":"JQzCue0wLgTmWm/SKlQNjFRDMPwloImx8tLyj0RwIp0="}},"8a0lQpFIzWEe0iCgG14iznM6ggQ68I5vCASTTKIq2+U=":{"valueMac":{"type":"Buffer","data":"P58bg3ib/9dO66rYofLAFlSpsyekSESR5DNr2Tr+nic="}},"8beV1RRB3skqcbzIGR6tZbWIweprnBisYcBfBoPl2Eg=":{"valueMac":{"type":"Buffer","data":"eX52rpgYt0Eagm0rh5D7rpIeU5rpWLj4cXaH7ji8iz8="}},"8fRL1rsgC/revJee97gZginbWeqqk9fmzN+I/5ajXDk=":{"valueMac":{"type":"Buffer","data":"q61WFwfrmm+pUEyKxQopP1GyZBFFRjfwwsZudbh9/XU="}},"8nLuOGmjubiRyn8lVxuGPxThendjeaU+S0PnGnBNTcw=":{"valueMac":{"type":"Buffer","data":"YW0PkhEASQN0gg56xNT/5n/q1pwF8qdkA3jQzniwU1w="}},"8oCO3gflSqnXGTNxwZbKG55n/yGAO6Jqwn7LsATxgfY=":{"valueMac":{"type":"Buffer","data":"mdy/BflrL+8tunAdH50WZSv657UwrMFIiFCuIkHNayY="}},"8rRZPTYEDLh+s+DdRwLdCGpz/03MZQLCkoctHtK+oeo=":{"valueMac":{"type":"Buffer","data":"4xXOjH72X9sIeitNyEj5Umdakwdw0K3GBoJBQm/ZAiU="}},"8zIc932u7tNi4UbjNQaPFwn0+8S6tz7ETFAY6yCgnHU=":{"valueMac":{"type":"Buffer","data":"Eu470rJUXbh77+2mKa9fOJRqd0Zel63sU7wCsKlenxo="}},"8zqE+NCOLQFfzsycuqZibFBeqikT2T70JI/Agtgw1J4=":{"valueMac":{"type":"Buffer","data":"yG/d1DNQfnk91jBLJieimW+rDYXeIvw57hbN3/dhb7M="}},"80oRAbyHgv/07UvVdn7HPmvUuPiWjKkT21flEGGZ244=":{"valueMac":{"type":"Buffer","data":"aflFbopdAvSBCmT5JUegTptTKdTqPX94mvW/Jy/qdX4="}},"81PZgWkgDHu8Ir8MoQlmb+zSWMWeuYKfcqVc1ShEo84=":{"valueMac":{"type":"Buffer","data":"n30XmLhT5kCedcacn/M+FvBv1RyQF3VqNfwQLuR5EDY="}},"9Ee8Ocs+gqQRfe5+dSNnl5okPt/UbL2vhI8qtVwPvDg=":{"valueMac":{"type":"Buffer","data":"eFxkRDsfXiscuzA+7oZL6u3xLVrqWodbWtQaLu8Hx50="}},"9EiAbbk0K2VHQcrri7Dw7UAGL5tCWopdl7MDhTGH/sg=":{"valueMac":{"type":"Buffer","data":"Sp/Qymq/5EjwODgqwCvwxNXY8W7E+MwcujEEEpeYRvo="}},"9GuJt824ScFgTcXj47fLY5V0nbD1NBvx+Afr1GwUYtM=":{"valueMac":{"type":"Buffer","data":"Xm3cpP8zLtEFSA9trFt8Zh87SpenBOFFuFRZwo3nH1c="}},"9QCHRDNMeZ94pkRLiYj/jAtOG8a9+z/Dx2nJqB0wPrw=":{"valueMac":{"type":"Buffer","data":"P/LJHy6qAswDJihNhg0dnBpMBT/J4oz8jL1SSENDSjE="}},"9VKwTs+ub4RtcOAjo6LBbdNfLZnAo4yYqmE27XKDjME=":{"valueMac":{"type":"Buffer","data":"YDHHL2LxRADJ9k1rxmYlDVKjcc8OXHp5rBtroYqPWVw="}},"9i325GQesvt9eCm1RFy/WfkIeMRIzgZcpGS6Rov/WD8=":{"valueMac":{"type":"Buffer","data":"47PpeCjFx7txefRgyvCxOKC3HeoPvwfK6Y0A77khsB8="}},"9k+SibM+0CX8wsyU9rosJjOywv+d7tOvsPJTW1jnYgo=":{"valueMac":{"type":"Buffer","data":"Lu+VkrOboVv3JkVsJEgkxuZgCm8AGtuA/bsvIuGWZ2E="}},"9y3VCkUMFyZbkC8W7QXtEyRhfTWyou+2/jgorE62oxE=":{"valueMac":{"type":"Buffer","data":"VdkYRQMQ6zQYn/+DL3oIqnMsVl6SsiWD15F5z4LISFw="}},"+JBTaj2urj8WXZ4GzSLdcX4lUqFbTPPDUmFRODSLoJU=":{"valueMac":{"type":"Buffer","data":"HI+HP2N5oM9CvxGXpBi9W2i/UIThK2kgbUNu8PeCAVg="}},"+LCXhp7ETdkwQyrYFAYi5iWPoum5vlVTv80SGqNLWRs=":{"valueMac":{"type":"Buffer","data":"AJtp0Gove+vWm9AH2hX7xOcNrOqpfnR0Rg8gjRcAtBc="}},"+MVycvK+fYmuEj2/ZQkSwCN2l+On9BAVBip+x+3Qf+E=":{"valueMac":{"type":"Buffer","data":"n5r58wA3k1beLvuX+bCfo8vbxJWm0TYTACD89a45LOo="}},"+Zr1lE5MYu/YWjhodPtlg0r4n/HsNpWCFD5JV5ZagBo=":{"valueMac":{"type":"Buffer","data":"nSnENu2/ffjYKWTwejparlD0Z4U56FVoyMtW5W7u8LU="}},"+auxUpTzySRRg3txEveHfCnazxUM+2OXCiDjcEim194=":{"valueMac":{"type":"Buffer","data":"MpHAHR2Bx4uEbSEh1uQFeG+TuPyzX7mewsJPEBENOKE="}},"+cASqrHpEx+34w+cHqbBoEhpMptVtNOvAJCMFojc47M=":{"valueMac":{"type":"Buffer","data":"SDG2G0LuQS6FWZEFOh+FjO1JeICh1/y9POHzcoQjeqo="}},"+gISSw9l+NpCsJInMETOMPNa0OFxQinb1eJJZvMfExY=":{"valueMac":{"type":"Buffer","data":"8KI1OBqXq9EzjV7XQ5syUzhQ3gcdQNElqPVK7AJLfkM="}},"+h84D2bhGBWH/tkFblY9JpqhBkKQz+A5LzXAujbqaQI=":{"valueMac":{"type":"Buffer","data":"xCZ33eOJ9JKL3+1wJ3dyApZBz4XS0f+fOr4P5aYNEnY="}},"+n8lf9jdSGRFcdC8HqY1avCUJ9w1P0vJQxcsiPsvimw=":{"valueMac":{"type":"Buffer","data":"32J+5CIKAprrQoSXiVAHmyZWp3IHqOkPvrBjg7kQNmI="}},"+wM1F52eFuCNbPjiX+okaV6VgkOpL6BcFfHf4qFcCik=":{"valueMac":{"type":"Buffer","data":"hYPSy4CgHmabfa5QdKXPh/0Mnne9Dop7bPwWwFxIJEQ="}},"+yqCDej5xKWrKC3kMPC2oka6XZUZ0KwSNDRlOuMkysw=":{"valueMac":{"type":"Buffer","data":"InkPYOc7RS2fzSjRM+PlFKeWgo3Urzp8Yf//+Vx0zM4="}},"+1Il1RkpriFdpvTf/glFji20JK/VZ/019iOTICur4Xk=":{"valueMac":{"type":"Buffer","data":"RKSFnOdfDsEEwW1Rk7YPjh5sqWby3D3kxyqoMBSs/Ts="}},"+3C/XWNB37CbCmh7e9e7cJ+CdcZ12eL07k1FFjngSu8=":{"valueMac":{"type":"Buffer","data":"T9RlsMUQr2d6b27rtL/g2yUxTC7klvA9XryGSGS6cTM="}},"+4B7zE9lVkxMGPUXo1uXvEJXOpD3YVlU/+0rfShUVgc=":{"valueMac":{"type":"Buffer","data":"NolVf+q5eVH8PZ76a4XgXLVDJk1FUe7UKKczcdKsmc8="}},"+6aa59zXLFvXNq4cZnCNOsjrIiNbfTeJztcfRn3CoVQ=":{"valueMac":{"type":"Buffer","data":"k7LoCnXV0CGzHimUUqvKNP5o1ksLaRdHG8ZQpZwZhck="}},"/CQvcyH2C7N41B6oomkO8csLrdZKSRTZVBLSnu5Ackw=":{"valueMac":{"type":"Buffer","data":"03J+jvvFHKwX/75yJdUfwHCRRza8U0/Z8ej3sR9liec="}},"/MBdLgXz45MbWYUeJhozAT6scgy/O06CW5DwrzJqoU8=":{"valueMac":{"type":"Buffer","data":"d7qUuuBPBmBWm4+6Pc7MB8gpuzH3FdlxBnmJuiWyzH4="}},"/SPuco7O5GjN7P8CrXUZr+lSKDiRrPk+nX5FlyBmf+c=":{"valueMac":{"type":"Buffer","data":"XM5Bi0TmCCsCPvPB2y41UeSh0/9rwLJJD+D57DWVSZU="}},"/StTiv0JWnUKJLyCCescyDICu0FkpLb6lUMszGdTRjE=":{"valueMac":{"type":"Buffer","data":"mM/4nLLSF6mSVdUJKPzySjLucPFCz6qfhcYWp4NZS/k="}},"/VKhbo6rnRVo0CI7gtNGLzrpeGdUVnY/t5+kWV6s4Yo=":{"valueMac":{"type":"Buffer","data":"0bpFrSfrxhgabrL7VB416ifzp/JZCOlfhtACBcU2nJw="}},"/VtrxDvx+UFZwrc5dPp0jeGf9ii2T/pepUlDzPvlKPY=":{"valueMac":{"type":"Buffer","data":"OruKgue1tibcqHCOyBNiey5BdugSOJXNoAc0Emuep90="}},"/XifTCRDAelgQKek4ODtvbQPFqcYIh4AfzXNRvDKlHw=":{"valueMac":{"type":"Buffer","data":"pKoPMY3VbXXMbw3leP9mHgwxUgD/FdeFErlXOOANBEA="}},"/bpGwNgGxdX4KYHfnrz+zNaMNZvWbMac9gUDgHWwinM=":{"valueMac":{"type":"Buffer","data":"g0gA6rd5xYtXCOMnSTC8DnqsghzR8oUJj3d691btUN0="}},"/cCgNiGWregclG1hxplqnOkNArBXxCEfjpkLBdySMyw=":{"valueMac":{"type":"Buffer","data":"YEGzpojMuzzCehs8HC7IW83fWqiGhYrCD31UGu43uoE="}},"/ldcMJYF5JVI17YknUL4BRZZBziTTPt1dnnaOgJRqBw=":{"valueMac":{"type":"Buffer","data":"m+CLQvEGGn1QzHWkre4ZCGRAdFKEjxNP0lVR7n6FmLg="}},"/mywESso6BsnU//2dph/DCa7Z0AcSw2wDn8t1mslunI=":{"valueMac":{"type":"Buffer","data":"YK3oL9jAqEsGcEQKe7TEVjw7Sebsa7d7J33v11q0P+s="}},"/rTcOi8eV74DHho83Ghdhb6gtvEng5Pr1nT2RgcV9ms=":{"valueMac":{"type":"Buffer","data":"+m7B+Z/i2gFRWn9izkpsWgRjk/WkIv8k/iBT6cHmYZY="}},"/voLg8h/hVyeM3+r7pXy6PhkJTRXJx/8TlK/t+aBVmg=":{"valueMac":{"type":"Buffer","data":"xLk8SDVMlE/BkzoIx1V1mFvd2wiVRe9xCOlqKNHhsrk="}},"/+bpdz+yOBF84NHjGmFw1BrS7HpoDr0frOj0MbEIGS0=":{"valueMac":{"type":"Buffer","data":"O/jt6M9eLmbb2rUybtSMkY1ldtneEMpji642Av9xIq4="}},"/+21HypE7oNfQUDr7Zd24Lncd/DuIbZcI1Qfr9x4czs=":{"valueMac":{"type":"Buffer","data":"W1sKS7O7+XojvIxsQIcwor2sGPNi5zoDk2z4v62SnwM="}},"q6YQ6LDwkvmkaUM1273qBA4iIuixwby7S0BgWMhV+Qc=":{"valueMac":{"type":"Buffer","data":"G62cz7+DYGOaRK4JBU/ujTTjKX3X50qZOaJx11HdIt0="}},"6Za2rtpjrBYMQcrTcKOlvlT3Zx/Z7QKIpwSHKRGgI1M=":{"valueMac":{"type":"Buffer","data":"qgntoOxIwTFji0Hiacsmsz3MQyWUVHuQTl9nWGc0y3k="}},"RkLKxn7i/PZzh5eqnbCt1VZDhON82TyKg3DkP62I76k=":{"valueMac":{"type":"Buffer","data":"V1fH5tKwAGlWzfLdsWIufgYZOynvPfqeFQ1R+0h4GTw="}},"pIrwKmCaoO0OvZlIbZIRdYHUeS4inn/QMkRtM26VBxw=":{"valueMac":{"type":"Buffer","data":"w7hgLSKEp0rY/kqs+lDhvcBYAWiRcbWqdv3MG4MZC+U="}},"wMqLdtcyGHVfJmjCHRWEBHLVaTQ78wnZ9aQlnS4QkSQ=":{"valueMac":{"type":"Buffer","data":"lAIELqqw/cM8cHSjeSXs4b9yOFbv71BOefcsS78oFho="}},"N2rw9ezxaTsolGiebjUSAf/etJd7KHuHaYljmz/5obY=":{"valueMac":{"type":"Buffer","data":"mb/Jk5zHR1Ox1i6DrnOyliYTJlLWVrRZ8TtFhni59pY="}},"5pNe8lQbJkRsGTbkCjk26xoT9Y7pl3XYsYks0jfSslQ=":{"valueMac":{"type":"Buffer","data":"XaD+77pdNmBrn6yD9LQZbXrpp+FwE3YDnl7BTpyi2vI="}},"eF2iFBbqoXfzy9U9ZLrJ6/wO9HvdAquSEF1NAf4sexU=":{"valueMac":{"type":"Buffer","data":"8j4yVa1FayXx0JEJ3nkXmMzpY1+22Lda2MbfRrcx8Ts="}},"YCQqUsAbt9Q1KWOkKyN+QkiFNSltxQvRdZmAwV9m2U0=":{"valueMac":{"type":"Buffer","data":"E9Smk26neYoE3jrSm3m6Ij1ExAHNI5T/mLtyYLHwjCc="}},"tHcjpBbZ1ycodedimyvWorzAjTuhMAHjhKxiUPVEVzo=":{"valueMac":{"type":"Buffer","data":"8qBxctvD4k2FYejwKVqszCoGFKMZ4d9wFRaQZzKyF64="}},"2fwoeRNDPTEEMFvEhLeToexbrmZ80jXvkfgSkXmkk8w=":{"valueMac":{"type":"Buffer","data":"B+/A9r+zgX2eU+LxTHK9O8O+T7mzNHOlpCTLv1x5qA0="}},"uhMTvDd5msNDXjfcnCGX0v6HO2WVogOPPvLc4r4mHkY=":{"valueMac":{"type":"Buffer","data":"1tUEUuERY9+mAqbNSMtPNGAgbt3DQU53kbNqf5YvGt4="}},"bzzLoOOUODUyQYV+DOpNom5iT/s53RP8ykMGCRyhweE=":{"valueMac":{"type":"Buffer","data":"/0EAAxJ5AUfBrp0gsiVG6tqPVJ1iw8IQsEXRBosDqlY="}}}}