{"version":62,"hash":{"type":"Buffer","data":"jm9+Ira0xc/C2WKimc+deuCUN6aOMW+heIw0/8UXXkJ7glM4/KwbXv+nu+l9BK6I6OxPXU1XaT7t1fiRvE5g9juz+KCV+V1SrHQnH4x3rAMx7VeT2y/tc788GP2y/E6KvY69X3+PYhRM2w/NNYpQubNgoj0cxthzM8ksbLSnEwI="},"indexValueMap":{"Dh4w9Z8yeG7CTUe6Pg1dEn4FnEUhHSWpETU79M9JpAk=":{"valueMac":{"type":"Buffer","data":"GIIVPQjhYTc/u1Ejr83D2+LMEuFA5Oo3r1cgPJLsZxo="}},"E/7irviwU82PWxxv1+DxeCqy8u7K308xHCU2rBtcwow=":{"valueMac":{"type":"Buffer","data":"+MZhwdMv9YlSkyb03jotiBfhMi9WTpxQuAWGIEe4UkI="}},"FnZzvmrEfMM06u0RMwJbrPwCvylrJsUO2acxrbjvsjo=":{"valueMac":{"type":"Buffer","data":"Edb2FINij3VeuQ90+oMnvhSBo+VXWeK8oHBJzozxjXk="}},"MXa59Ow+RYAwAzjmEEOnjoPCPZ2QpzM7RC5KT++VuAc=":{"valueMac":{"type":"Buffer","data":"HDCDDeIzAz8dnhZHUIuBU3nQDwzC6mVQj/b5RUSXre4="}},"P9cFXEYNYqEb7dT+idadUT0fh295JmIpPwoQqjsxJYw=":{"valueMac":{"type":"Buffer","data":"Ukj00U4sQs6ZBpOocW8eGsF0M5FAcmnlTvop9mWJsT4="}},"UxtDiUUcU6Q3ogr0hvMDAs8vL75c1S7vcBBf17cburQ=":{"valueMac":{"type":"Buffer","data":"vol/y0iHETdP788BPJYe73pinpzwe7FFj11jeVyoFSU="}},"WSyxQt1UUHmNHgk8cthcp7j9+8uOMg3o6USDAMqQBFM=":{"valueMac":{"type":"Buffer","data":"uVcws1ta2DJ+R+8PGtvgb1f0q5der/J34Ow8p5zX1vg="}},"WlDDPz5PQEXbN/iQgkbmGR71QfOHsYTVBDl7J2jv3Xo=":{"valueMac":{"type":"Buffer","data":"DRdTJlkEsLl2eOI+vQ+zLkkr1pibfjlDLf//XCj1818="}},"aTVIPt2/fL+GGDAnD76i4XMVawWPCLLMkA3q6f1Aq9I=":{"valueMac":{"type":"Buffer","data":"WOqVJcgKka6RxpVV+ghod3FQo2IU8HVS4Sz1K1i/iHs="}},"cfjyUdBkSSS9bhFiC7+/lWAar/IhOXzw8vHL8dm2IAk=":{"valueMac":{"type":"Buffer","data":"6IgSbN9jahEqZkUPb6SYovaBxUyxGYKpEELuQZXxE0M="}},"dnfMy7CjSJm0aBOEt1zivnXcb91O3rZIrYCwIMx00E4=":{"valueMac":{"type":"Buffer","data":"ujzVE46Gnzn2zFz4fg33Y+vyQke2qjsnFIZlxFFPEhc="}},"d1gvwBixAxlnwRANieDD2z0HZ+IioyrqDCCxPAc+p+A=":{"valueMac":{"type":"Buffer","data":"1gUAxtRAavwfbZ2ptUhBqkBgCYYWJTLo1moZhrKJWq0="}},"eS3rtWa3ZAZErgYfF/HsT6KikuZPuD9ZsryX4sAqQ/8=":{"valueMac":{"type":"Buffer","data":"kzAMI8oITwf6twpyAfKtv+dk5b/5B6OaFMVGpvvxHAw="}},"jqFfku97pKNVtDuZzAfeKXKdK7KUjBpyRCKIL91uT9k=":{"valueMac":{"type":"Buffer","data":"smWxJBI91RzpXGHzSavwX8Qm919XlT28wZphUuVf/i4="}},"qaIuto/EWuebtl13nm+0oChhy5OdbJWHbZOegGF1vmI=":{"valueMac":{"type":"Buffer","data":"hwcLwR2jXMeSZrmHbWSXF0L46y06n3GJm057CXp/q7U="}},"rihHq4phBdyvMKKk0x6Ecnu85Rq4fLbrdyza1EcBZuo=":{"valueMac":{"type":"Buffer","data":"UaEUiBoDEgMgDnoihchN7v/RVDLN5NrdMNNe3Qto5as="}},"r285Qz+XuhhH3luAsaXYfwduN3uQcoSg3zH3yPskEDU=":{"valueMac":{"type":"Buffer","data":"5IMSmEnlygukKZuxU8eGzf0TdDcgevpogOpfvWq4jzM="}},"wxKS4WaUtwBfH1xn8WsLG3PF0v2p6Tt1aym5RtbRoGg=":{"valueMac":{"type":"Buffer","data":"IRpGNr/sSIKzkFLzTujeDAitBEBM1AWCGQcrv7uWJu8="}},"xHZDZqEiEIsDcG29eVV28NIqQxqPrlbmo0NOGEVZ+54=":{"valueMac":{"type":"Buffer","data":"ZbwSx9n2JG3n/X9AVhJzKgE55xSP3SUzhbRR7a/mTC4="}},"3+6su2Hy8Nl2MIsg8cDFadzDgRsYx/90ZzC0bK2uDkw=":{"valueMac":{"type":"Buffer","data":"YBONBFTXc/M2xSr4+Ca7yAhoqnX1O/R9cYANVz1NvPg="}},"4npW+6xFgxDG3Hr2as9xJYtmip2GxjREA10A3px0rXo=":{"valueMac":{"type":"Buffer","data":"o6HZL2Z2f60OcHfWsKy81eMoOe7iDVYGEzJ/YN+qEx0="}},"7zSokZ0pXwb2c9VzeF4gQhYUrSiEmXstkK845A2uPPo=":{"valueMac":{"type":"Buffer","data":"FETyVtgF+DFLnNJ9JSsjyB83nP7qz6H0befc1Vtudas="}},"8D9Y3GDQ5jJI+Fx4iYJ2QL6tC6z9PKsizajjD09wSs0=":{"valueMac":{"type":"Buffer","data":"7jPHF7O1hvjoBUwuPHXBBFy3pq89R9UQawQg2CnOReA="}},"+hsGJos4hUN93t9JbYRYbLAKbRB4DuYtnsKSv+srxEA=":{"valueMac":{"type":"Buffer","data":"xyJ6qFTcR9zRrkAHkAyqpsJXy4x+xLmsFXoJ+Obrq9s="}},"/CYE4XlpKwxd33Zk0cSjbSXlxbWaqixEQtq4A8yCzY0=":{"valueMac":{"type":"Buffer","data":"8NPnlhZpUn4N2JARfGi6SfFgx+qVjyBiVBk9FUD1nIw="}},"YZuuqLlj5Ra/c57NUydV2witG+R1UtQW9UbtL4SjP0o=":{"valueMac":{"type":"Buffer","data":"RwJVC4/Q23xdRjYHyjf0Sgzuu3BcFdhzcRi4yKz9drA="}},"3WDp9dZ+KquuB+NUv1F4FGtLFegdHqWrXyuRyWTpVOM=":{"valueMac":{"type":"Buffer","data":"NvaZhW7As7KLVdSxkshPdLXQfQmaGldahYjJwBQimUE="}},"8/6fE0FuT3edhJQPKAMSPskmdwzkXeJ0XDhitneCSFs=":{"valueMac":{"type":"Buffer","data":"hTztDWe9SrkCVlkh8ZhHhDPWJHp5nkuzR37BLLqg9PU="}},"qEV99J5p0SQV/tJxmpx9wxOG9G2RgAkWqcyXf3uqqns=":{"valueMac":{"type":"Buffer","data":"LgdyNX1nUwt7aEpWV0dFgZD8ZDoHfMXmb368b7k+lVc="}},"kXYZTli54NfZ2zci2VONKCOgCr8IhKDTVx9qs9kxJCg=":{"valueMac":{"type":"Buffer","data":"MTRBBUT7kiv7CRj7/Kq969siAzuPOBMF6RRuzJwRJBQ="}},"H9wzJwGkXJZQz4nD6Myn0atGyTG7DWQwE0udPUTT0wE=":{"valueMac":{"type":"Buffer","data":"6kItNcuqi/QIM7zLnLH6Zkabr/izSSqV+ZeHTrpq33U="}},"gmxj9IzjPJfBgIGdqbI0sriMJsgLhNx5WkJ4hkdaxy0=":{"valueMac":{"type":"Buffer","data":"g9UvhBV7k/fwB+Bawoacl/NS46zruzZouhFx4zgu5+4="}}}}