{"noiseKey":{"private":{"type":"Buffer","data":"KIANdfHcqwyWI0s8SYI840BXYHN7oNMdgbQQwwZLSkk="},"public":{"type":"Buffer","data":"Ojn35F+s4yLVPlkVqNtpbGTm4kYhweDjq/lZk2uJXVE="}},"pairingEphemeralKeyPair":{"private":{"type":"Buffer","data":"+CIIWdwmoewmlGEj7N9tKAhDZxlHHEi2c+VxrpNQw3w="},"public":{"type":"Buffer","data":"1Duz4JzdKqdOvCk+Bd2lkGjC2kbxmqFmQg6ZKwPmVQg="}},"signedIdentityKey":{"private":{"type":"Buffer","data":"kHsm9JqChyQhzrtPuVh3IDX3fOVucOqVZgBaJhmTqmU="},"public":{"type":"Buffer","data":"R3w3EMgmBf1gsCJrMOtY6gzC8IkdAfv06vKVtWIyLWI="}},"signedPreKey":{"keyPair":{"private":{"type":"Buffer","data":"CMGGeVXYCMSV3DX3tsIw8H3XAIb+CqkOUyWuum6j/mI="},"public":{"type":"Buffer","data":"81PUrPdMvB+INxUdvp5wx1LX94xX9Ee3u3I7tvt+NR4="}},"signature":{"type":"Buffer","data":"5C270aRn51BxsQzMhVxfbF/ussV1aTMt+EiWb8Ou2J8J7L0BUgDeCmCkBRVieAjF/6qkta/wUPhH4rYEqhLYAA=="},"keyId":1},"registrationId":16,"advSecretKey":"4EcQeXY9YzhjjzfIf2nOHCqOQDDyn36yyPhKXmZyie8=","processedHistoryMessages":[{"key":{"remoteJid":"5528999501464@s.whatsapp.net","fromMe":true,"id":"811EB97466343A57A15801590FA9634E"},"messageTimestamp":1724269354},{"key":{"remoteJid":"5528999501464@s.whatsapp.net","fromMe":true,"id":"A3BCA86500BBE55F1860278A3302E2A1"},"messageTimestamp":1724269354},{"key":{"remoteJid":"5528999501464@s.whatsapp.net","fromMe":true,"id":"7BD3453B80B42ED2E057C7A37AFB62E8"},"messageTimestamp":1724269388},{"key":{"remoteJid":"5528999501464@s.whatsapp.net","fromMe":true,"id":"91641D4B2E5D89FC77D151B974F5C6E8"},"messageTimestamp":1724269399},{"key":{"remoteJid":"5528999501464@s.whatsapp.net","fromMe":true,"id":"E72DD474959FCEBFEDE3D1041C42E538"},"messageTimestamp":1724269420},{"key":{"remoteJid":"5528999501464@s.whatsapp.net","fromMe":true,"id":"F562C883DB89BDC59D340A49978B9FC2"},"messageTimestamp":1724269487},{"key":{"remoteJid":"5528999501464@s.whatsapp.net","fromMe":true,"id":"66748882E51B512723BD21FACD6F3CDE"},"messageTimestamp":1724269487},{"key":{"remoteJid":"5528999501464@s.whatsapp.net","fromMe":true,"id":"95E149D9C88BF73E9AF4ECBAE457F807"},"messageTimestamp":1724269487},{"key":{"remoteJid":"5528999501464@s.whatsapp.net","fromMe":true,"id":"68AE3AF743AD4AF98754353D16BEE45E"},"messageTimestamp":1724269507},{"key":{"remoteJid":"5528999501464@s.whatsapp.net","fromMe":true,"id":"2270794C9402E6FCE2F76522D1BA7EA7"},"messageTimestamp":1724269526},{"key":{"remoteJid":"5528999501464@s.whatsapp.net","fromMe":true,"id":"8F07057FBF117542F7F440A74FE1D3B0"},"messageTimestamp":1724269547},{"key":{"remoteJid":"5528999501464@s.whatsapp.net","fromMe":true,"id":"D24A4C774B7267BC6AC41698E58B39C6"},"messageTimestamp":1724269571},{"key":{"remoteJid":"5528999501464@s.whatsapp.net","fromMe":true,"id":"2A86FF19AE161CF637ACDD7E1AEF1479"},"messageTimestamp":1724269594},{"key":{"remoteJid":"5528999501464@s.whatsapp.net","fromMe":true,"id":"02822D3D86EE8B07B9DF017C32DECD55"},"messageTimestamp":1724269616},{"key":{"remoteJid":"5528999501464@s.whatsapp.net","fromMe":true,"id":"9C50EE016357803C8B955614D8F9B457"},"messageTimestamp":1724269641},{"key":{"remoteJid":"5528999501464@s.whatsapp.net","fromMe":true,"id":"5D6766B129D58052CB58B043CC4F841B"},"messageTimestamp":1724269656},{"key":{"remoteJid":"5528999501464@s.whatsapp.net","fromMe":true,"id":"0C7EC19A238D7B1DB928DC0F9B236814"},"messageTimestamp":1724269664},{"key":{"remoteJid":"5528999501464@s.whatsapp.net","fromMe":true,"id":"E7E504D3FF0C867431CBD9EDACB5287F"},"messageTimestamp":1724269690},{"key":{"remoteJid":"5528999501464@s.whatsapp.net","fromMe":true,"id":"EACD88B5D84C0BDFEADFE08CF5B259F4"},"messageTimestamp":1724269712},{"key":{"remoteJid":"5528999501464@s.whatsapp.net","fromMe":true,"id":"0EF886147A8CE2D56DF6C8A8BD0F52E5"},"messageTimestamp":1724269728},{"key":{"remoteJid":"5528999501464@s.whatsapp.net","fromMe":true,"id":"21CDB1A29B8C9945E345D2BF9E4FCE89"},"messageTimestamp":1724269749},{"key":{"remoteJid":"5528999501464@s.whatsapp.net","fromMe":true,"id":"5C5D382E43B5B27D22521B1A7241B0E4"},"messageTimestamp":1724269770},{"key":{"remoteJid":"5528999501464@s.whatsapp.net","fromMe":true,"id":"72ACC8BB5253806DB7CDFC093FC343E1"},"messageTimestamp":1724269789},{"key":{"remoteJid":"5528999501464@s.whatsapp.net","fromMe":true,"id":"B776286417E010261F5CF4A1FDD648B7"},"messageTimestamp":1724269812},{"key":{"remoteJid":"5528999501464@s.whatsapp.net","fromMe":true,"id":"663EC57AE7231226A4FC84B9D6606C2E"},"messageTimestamp":1724269833},{"key":{"remoteJid":"5528999501464@s.whatsapp.net","fromMe":true,"id":"6D92EB93C21EEC9892E545CAE39DC2CC"},"messageTimestamp":1724269857},{"key":{"remoteJid":"5528999501464@s.whatsapp.net","fromMe":true,"id":"9517E3A10F9D4D0EA22FAF605ACEDFD8"},"messageTimestamp":1724269877},{"key":{"remoteJid":"5528999501464@s.whatsapp.net","fromMe":true,"id":"B126E74E42CEAEA6B253265935104A8E"},"messageTimestamp":1724269897},{"key":{"remoteJid":"5528999501464@s.whatsapp.net","fromMe":true,"id":"D140B5E0E697A98F8313E4386D05A242"},"messageTimestamp":1724269916},{"key":{"remoteJid":"5528999501464@s.whatsapp.net","fromMe":true,"id":"06DE81500561EA9EABA5A25B835776D9"},"messageTimestamp":1724269938},{"key":{"remoteJid":"5528999501464@s.whatsapp.net","fromMe":true,"id":"853AF02374CA5C0010B58905CA9AA685"},"messageTimestamp":1724269962},{"key":{"remoteJid":"5528999501464@s.whatsapp.net","fromMe":true,"id":"357352BD55D222A121967119B6B9ED9A"},"messageTimestamp":1724269982},{"key":{"remoteJid":"5528999501464@s.whatsapp.net","fromMe":true,"id":"E3A5526E9B03B5B7A9C7FA7E030D46AA"},"messageTimestamp":1724270005},{"key":{"remoteJid":"5528999501464@s.whatsapp.net","fromMe":true,"id":"DB37DC10B7BA5C4C557AB9E1F6ACCD97"},"messageTimestamp":1724270025},{"key":{"remoteJid":"5528999501464@s.whatsapp.net","fromMe":true,"id":"B2D4D0DAE5600859D768E9C2FC117D96"},"messageTimestamp":1724270049},{"key":{"remoteJid":"5528999501464@s.whatsapp.net","fromMe":true,"id":"66803DF8FF7A6BCF96FDC8DDE272F408"},"messageTimestamp":1724270066},{"key":{"remoteJid":"5528999501464@s.whatsapp.net","fromMe":true,"id":"BFEFC24733402C98C744071D5C2F9742"},"messageTimestamp":1724270097},{"key":{"remoteJid":"5528999501464@s.whatsapp.net","fromMe":true,"id":"5E20DBB5B4621F9C3AAFEE94D62C298E"},"messageTimestamp":1724270119},{"key":{"remoteJid":"5528999501464@s.whatsapp.net","fromMe":true,"id":"A2E3D13BD92BE8F85FABB02D3388C441"},"messageTimestamp":1724270138},{"key":{"remoteJid":"5528999501464@s.whatsapp.net","fromMe":true,"id":"E83C0807033E9E370CDBD1C7B15274A1"},"messageTimestamp":1724270157},{"key":{"remoteJid":"5528999501464@s.whatsapp.net","fromMe":true,"id":"F83CBEB3CBFFA0AC4FD2D87DEEF5D6EA"},"messageTimestamp":1724270180},{"key":{"remoteJid":"5528999501464@s.whatsapp.net","fromMe":true,"id":"5D75D01DB867D9617F7CFF7238A1E593"},"messageTimestamp":1724270197},{"key":{"remoteJid":"5528999501464@s.whatsapp.net","fromMe":true,"id":"940547705584A550E8760C3E6D18CE4C"},"messageTimestamp":1724270220},{"key":{"remoteJid":"5528999501464@s.whatsapp.net","fromMe":true,"id":"21A3F396ABBD66B79AD1CE534D18F55E"},"messageTimestamp":1724270240},{"key":{"remoteJid":"5528999501464@s.whatsapp.net","fromMe":true,"id":"E8B61E83678BA825B46949274D7FB5C6"},"messageTimestamp":1724270247}],"nextPreKeyId":274,"firstUnuploadedPreKeyId":274,"accountSyncCounter":1,"accountSettings":{"unarchiveChats":true},"deviceId":"kEL_9-KJTnmOxQV_c0Zo9A","phoneId":"c10218f3-b4f0-477f-8fc7-4d109ef32089","identityId":{"type":"Buffer","data":"OFMpKAHBqABXF3Y+anopSFewwQ8="},"registered":true,"backupToken":{"type":"Buffer","data":"SQqPoIoJ7tie0+PSv0YAFoIXg88="},"registration":{},"pairingCode":"3FJ8KZ6L","me":{"id":"5528999501464:29@s.whatsapp.net","name":"LOJA DO LUCIANO","lid":"4179070329048:29@lid"},"account":{"details":"CIyFo+IGEJiGmbYGGBsgACgA","accountSignatureKey":"9i2KEUR9nkPt69E4yH9EDzE/sWTmgOvWOXzZJiwRzCw=","accountSignature":"mAnwuVRPvtmYGeGHjYiC1f66vOzrfc9IuUVPCkazAWETKi8MFoadBQyUL+CnlyxSh/qIBwzwceDlTDekYiLUDA==","deviceSignature":"OXQhokJrVPd6hiZdoJsAg8s12sUV+xDX08qYRC9+wznwyGARJ5+b2MrhP9vO2Ri5N2M9vaILB/yPPu4pEg+GDA=="},"signalIdentities":[{"identifier":{"name":"5528999501464:29@s.whatsapp.net","deviceId":0},"identifierKey":{"type":"Buffer","data":"BfYtihFEfZ5D7evROMh/RA8xP7Fk5oDr1jl82SYsEcws"}}],"platform":"smba","routingInfo":{"type":"Buffer","data":"CBIIAg=="},"lastAccountSyncTimestamp":1724270500,"myAppStateKeyId":"AAAAAALb","lastPropHash":"3RERmy"}