[{"senderKeyId":713160888,"senderChainKey":{"iteration":11,"seed":"WO59upsobIFQYKCik6sXQJBfMfkg5ksnsaCmLVRzvVs="},"senderSigningKey":{"public":"BbXW+R3uEfbql2LzF+xEDHwc1TvgoMMV1vIL2vh3LpB1"},"senderMessageKeys":[]},{"senderKeyId":713160888,"senderChainKey":{"iteration":9,"seed":"Hw9jJRjB3XG4dbPi7jLEXhDVgnm1H6/BA8IgCi7hHSw="},"senderSigningKey":{"public":"BbXW+R3uEfbql2LzF+xEDHwc1TvgoMMV1vIL2vh3LpB1"},"senderMessageKeys":[]},{"senderKeyId":1035130126,"senderChainKey":{"iteration":3,"seed":"dmw/KB2DqNK17kHCM/6Lz7gwuVLSsWEl+Oh9LfrXiJY="},"senderSigningKey":{"public":"BeK341C5ZtqDTMkdjve0MWjXg8MsE+4VbbN+v3ZE+6kD"},"senderMessageKeys":[]}]