[{"senderKeyId":1865140053,"senderChainKey":{"iteration":2,"seed":"b6JwZ91LcVlha4aR0MLJbDjp2s/dw16llxWOYP2rLrs="},"senderSigningKey":{"public":"Ba4IpBYYCAKDYLl4b9G+qfSMSDeuYIT9OL7EAPdvJZ0V"},"senderMessageKeys":[]},{"senderKeyId":1787902265,"senderChainKey":{"iteration":2,"seed":"JGsOMpbk6Vs1lWHzIAweU9bpIsQGsdG91XIHFRthWSk="},"senderSigningKey":{"public":"BWFTlFTPPReyZWgIeRXz91THEjHSR5U4hQ9nMY6chTgc"},"senderMessageKeys":[]},{"senderKeyId":741289144,"senderChainKey":{"iteration":8,"seed":"amPpdCQ0qi8pJ2NmSXaM8y5+C9pZGnGYuDILNClZFZw="},"senderSigningKey":{"public":"BcfUv3+NwwAEP6+HQwzDyjTU6hD+9ZENFN0NxGY2On8s"},"senderMessageKeys":[]}]