[{"senderKeyId":811172916,"senderChainKey":{"iteration":2,"seed":"22+jC/QGdUfL5YfKWWYa6SxcZXSGrXd5KqHB7EKL+qM="},"senderSigningKey":{"public":"Bdj8ggKgpAkR+EAKOMOtP+DAgB2oA+399NdhKcqm8Owv"},"senderMessageKeys":[]},{"senderKeyId":1006468810,"senderChainKey":{"iteration":6,"seed":"L2vDXSb4+PyFhDxppRAf65t7fydEzdykQMCO6spjo/w="},"senderSigningKey":{"public":"Bb2oGq1RdkRr2aZA4CLMO1I8VnikvHYYYLRrSNUqvyxE"},"senderMessageKeys":[]},{"senderKeyId":1364655196,"senderChainKey":{"iteration":5,"seed":"sNS/0zT1Cj9qukbZqknWjW12g7Q+I4uRKZqPWq6N1BI="},"senderSigningKey":{"public":"BYC/2hwWnyfYc5PH7bc0Qa6o7Dz81KIJP38Doo8WqVh0"},"senderMessageKeys":[]}]