[{"senderKeyId":305416005,"senderChainKey":{"iteration":1,"seed":"aQfMVRRRHL1c2x5YCR2HF74mv4opQ2YarBMQGz/CoSA="},"senderSigningKey":{"public":"BZtQjVRcgnx/LkXwIsP0czxPKpXIh5nBmzvihICNJZcw"},"senderMessageKeys":[]},{"senderKeyId":754637338,"senderChainKey":{"iteration":4,"seed":"qV3gL+in8HcrckxdbawKZ/DfsyPkHQ7ekgOu2iv8kX4="},"senderSigningKey":{"public":"BbWvmFxlC6GWEDxRzuRDlfu4qYuztosrJ1r5o+UCmM4T"},"senderMessageKeys":[]},{"senderKeyId":754637338,"senderChainKey":{"iteration":1,"seed":"sQs+GGJakpmpFu6xrPsBBGXwrIilTk43Sk9qPbica7Y="},"senderSigningKey":{"public":"BbWvmFxlC6GWEDxRzuRDlfu4qYuztosrJ1r5o+UCmM4T"},"senderMessageKeys":[]}]