[{"senderKeyId":1450656517,"senderChainKey":{"iteration":3,"seed":"sk13Hy5ER/mj8puRjl7/RtL+sHB98P4lEBx7ZO5hhZw="},"senderSigningKey":{"public":"BWRgMYr6k6UDJGSTaxXtRo4N5bX8czBxvnSvkyzVoncr"},"senderMessageKeys":[]},{"senderKeyId":476368541,"senderChainKey":{"iteration":16,"seed":"P3P6HQh8E7wy4jXrktzjeza/xOMOiFt5Q9VlPFLbJsA="},"senderSigningKey":{"public":"BcuBBMCsW12CbdgwfrjgdEbJP1FiAAS4pMcEhrwMoVJC"},"senderMessageKeys":[]},{"senderKeyId":1115835549,"senderChainKey":{"iteration":3,"seed":"7bfAk8ZIXs8mgcf0mcm5ZI3YY4DieM1qb9YNLjls4RI="},"senderSigningKey":{"public":"BdqGWcXxXv7KgXbkJa5yPMGfjn8fXgl+t5zeU5WHDtg/"},"senderMessageKeys":[]}]