[{"senderKeyId":242840821,"senderChainKey":{"iteration":22,"seed":"oeKDztmqP+XwGv97IViUXEgD5K6DG1dFTwwhwm5XVGk="},"senderSigningKey":{"public":"BZvf5fsfCtJQazN3CyDGgP/u3CA0ZlTsSOYVa/mlrepj"},"senderMessageKeys":[]},{"senderKeyId":242840821,"senderChainKey":{"iteration":22,"seed":"oeKDztmqP+XwGv97IViUXEgD5K6DG1dFTwwhwm5XVGk="},"senderSigningKey":{"public":"BZvf5fsfCtJQazN3CyDGgP/u3CA0ZlTsSOYVa/mlrepj"},"senderMessageKeys":[]},{"senderKeyId":242840821,"senderChainKey":{"iteration":22,"seed":"oeKDztmqP+XwGv97IViUXEgD5K6DG1dFTwwhwm5XVGk="},"senderSigningKey":{"public":"BZvf5fsfCtJQazN3CyDGgP/u3CA0ZlTsSOYVa/mlrepj"},"senderMessageKeys":[]},{"senderKeyId":242840821,"senderChainKey":{"iteration":22,"seed":"oeKDztmqP+XwGv97IViUXEgD5K6DG1dFTwwhwm5XVGk="},"senderSigningKey":{"public":"BZvf5fsfCtJQazN3CyDGgP/u3CA0ZlTsSOYVa/mlrepj"}},{"senderKeyId":242840821,"senderChainKey":{"iteration":22,"seed":"oeKDztmqP+XwGv97IViUXEgD5K6DG1dFTwwhwm5XVGk="},"senderSigningKey":{"public":"BZvf5fsfCtJQazN3CyDGgP/u3CA0ZlTsSOYVa/mlrepj"}}]