[{"senderKeyId":34099657,"senderChainKey":{"iteration":1,"seed":"6mTyvsxGNhdw/kN2ezDd1sNCznBBaFGEvr78brGdHvE="},"senderSigningKey":{"public":"BZQRWkdmkOvWfDKDFoT/fqZBrwYZPbMhvhjJhSmX4gJX"},"senderMessageKeys":[]},{"senderKeyId":34099657,"senderChainKey":{"iteration":0,"seed":"zjSFoXeHQfwA9vQTV9E8X4+jv1smkpzjTejLrli9ADA="},"senderSigningKey":{"public":"BZQRWkdmkOvWfDKDFoT/fqZBrwYZPbMhvhjJhSmX4gJX"},"senderMessageKeys":[]},{"senderKeyId":203684471,"senderChainKey":{"iteration":1,"seed":"ORKdg7Mx23/ujj1FamAIkggg7lD+jXZd7MF1T/CxDeA="},"senderSigningKey":{"public":"BXJxD6WIkmqHVtY2pqd8KNKj9cXs+0F3VZx70jJP1R80"},"senderMessageKeys":[]}]