[{"senderKeyId":1295062197,"senderChainKey":{"iteration":20,"seed":"3HgBzKdFeZZoldIxKwNllT4g0s80xJC+hLmcX4vrTXI="},"senderSigningKey":{"public":"BQ+rF7ttJOk8HXf59iCJzJxvt95moMyKpnOvyhoFMqg4"},"senderMessageKeys":[]},{"senderKeyId":1295062197,"senderChainKey":{"iteration":6,"seed":"+NTgYVuHi/NAIrKI00Owe5304U4jjCbi3feibhHBRrU="},"senderSigningKey":{"public":"BQ+rF7ttJOk8HXf59iCJzJxvt95moMyKpnOvyhoFMqg4"},"senderMessageKeys":[]},{"senderKeyId":1295062197,"senderChainKey":{"iteration":6,"seed":"+NTgYVuHi/NAIrKI00Owe5304U4jjCbi3feibhHBRrU="},"senderSigningKey":{"public":"BQ+rF7ttJOk8HXf59iCJzJxvt95moMyKpnOvyhoFMqg4"},"senderMessageKeys":[]}]