{"_sessions":{"Bfgygk7Vu+Bj80hqQbHmc7HFCFiUQDBTfXz4CVFgdPcV":{"registrationId":1256630274,"currentRatchet":{"ephemeralKeyPair":{"pubKey":"BR5TV4vbShOKA3gbW9S/zTIt6GWb3S2gF9SQKI+bTE0z","privKey":"2LiDjY/2o6imU4bbp88HDElq6QzrhlTzKGD31gsA3F8="},"lastRemoteEphemeralKey":"BeVujf6lp37lYYZ6/pL/FLE4tsmkC8v+PuA8MDIH6FZC","previousCounter":0,"rootKey":"K3Q9HoapNYgrpAC9I0fepcBysUeqSNYolVzpuc/Y+/8="},"indexInfo":{"baseKey":"Bfgygk7Vu+Bj80hqQbHmc7HFCFiUQDBTfXz4CVFgdPcV","baseKeyType":2,"closed":-1,"used":1724276410949,"created":1724276410949,"remoteIdentityKey":"BZvy7v56H0MygEtTi8MlJqVdCGhEbmuN8Ftp/XFYcVsP"},"_chains":{"BeVujf6lp37lYYZ6/pL/FLE4tsmkC8v+PuA8MDIH6FZC":{"chainKey":{"counter":0,"key":"tUWEXMT6eZ9XkjJB//FZhcQFp/C0rIe4mHWct4Refxo="},"chainType":2,"messageKeys":{}},"BR5TV4vbShOKA3gbW9S/zTIt6GWb3S2gF9SQKI+bTE0z":{"chainKey":{"counter":-1,"key":"JCaijU8Zk5/rq+NlkWg0dH1GIVrsyuVAinoNvX5ryTY="},"chainType":1,"messageKeys":{}}}}},"version":"v1"}