{"_sessions":{"BTHlITlU7beolZHOsVgjH99hl9Obfb8MyFmqKcPMLmA1":{"registrationId":1463300690,"currentRatchet":{"ephemeralKeyPair":{"pubKey":"BdURxU7+zIZQerHshl4ojNAC5YBExawd9m/P4xWix3o/","privKey":"2EX0DqT6C/AvkRM/WmCi/oBmAdYJNS8e/EesJ+sHL3s="},"lastRemoteEphemeralKey":"BSeXy5N8XKDR6+25st1TxWmXXmeS9DwNF8rNuAPEjscF","previousCounter":0,"rootKey":"77vu/m9W5jA8aczxcM4++bvBLz24Z3t6GRbOuCWTBkM="},"indexInfo":{"baseKey":"BTHlITlU7beolZHOsVgjH99hl9Obfb8MyFmqKcPMLmA1","baseKeyType":2,"closed":-1,"used":1724292643678,"created":1724292643678,"remoteIdentityKey":"BeKCDRLTgqlDQRRoEMd5ZYDQ04awdV3iJeO3xkrM+j4V"},"_chains":{"BSeXy5N8XKDR6+25st1TxWmXXmeS9DwNF8rNuAPEjscF":{"chainKey":{"counter":0,"key":"DYUCVHCClQZXpi6Fm6QfNh1oD1NWiWvFIiFNYaXLhL0="},"chainType":2,"messageKeys":{}},"BdURxU7+zIZQerHshl4ojNAC5YBExawd9m/P4xWix3o/":{"chainKey":{"counter":-1,"key":"EXXN79ikm/oHHql6lh7zdIwah+ysl2j43hwXRAi7Vlg="},"chainType":1,"messageKeys":{}}}}},"version":"v1"}