{"_sessions":{"BVOxFR/TWhMn92o6x2cOJG7qbQIysKUhwwJ5neS8zZAb":{"registrationId":501668425,"currentRatchet":{"ephemeralKeyPair":{"pubKey":"BSfhr7ueanLjSbUrwya6lJmZM4IN8v2yd8K/k0FAFgAz","privKey":"8IFWQ086bTk3Q0WHwzfV4E/ONFcDLMSS8k5H3w4vZ3c="},"lastRemoteEphemeralKey":"BTbOvkHpv76E1UfRR917bYIQbboPpTd0WHR6vvGoLI1i","previousCounter":0,"rootKey":"iixhzWxjK7EHzXCFlCf/3J4KGELNMDbFKIvERr3tM44="},"indexInfo":{"baseKey":"BVOxFR/TWhMn92o6x2cOJG7qbQIysKUhwwJ5neS8zZAb","baseKeyType":2,"closed":-1,"used":1724292646256,"created":1724292646256,"remoteIdentityKey":"BX6cD1/MmxY3hjLwzhBxEPd1HjJA8MMC9ChdkI8uyCVQ"},"_chains":{"BTbOvkHpv76E1UfRR917bYIQbboPpTd0WHR6vvGoLI1i":{"chainKey":{"counter":0,"key":"Yf5rDv6zVJfvGFCy6uZOZl00zzXeZi5lvFxpmifRC30="},"chainType":2,"messageKeys":{}},"BSfhr7ueanLjSbUrwya6lJmZM4IN8v2yd8K/k0FAFgAz":{"chainKey":{"counter":-1,"key":"wY9QYMt0LPzrgtuHw1eGq0kOw4qEiExUGWMkoHNHKxI="},"chainType":1,"messageKeys":{}}}}},"version":"v1"}