{"_sessions":{"BbjBLMJR03GisEYnQUkY0k2ITS/wi8tN2fwAQimydFgo":{"registrationId":1496855491,"currentRatchet":{"ephemeralKeyPair":{"pubKey":"Bb59vReYpI/SZoCLkzsQ3OuMW6VSWcn007bryGytIixd","privKey":"qPx2l5tJIjGAORgh95nBrUq+c+Yr2iL2gisIeP8dP1w="},"lastRemoteEphemeralKey":"BYVNGhGiKX1S0f/tXsJNL8fKWwH0hN4BOC43Y3eW5PVQ","previousCounter":0,"rootKey":"bN5Gq3ERp83bPri1OrSOdYDMLYV50ablcus5GTfnI8Q="},"indexInfo":{"baseKey":"BbjBLMJR03GisEYnQUkY0k2ITS/wi8tN2fwAQimydFgo","baseKeyType":2,"closed":-1,"used":1724277954194,"created":1724277954194,"remoteIdentityKey":"BcDcVUv3KYQ6HhJKsNxgWVd0VRpQEVCp2KXbrIUz/qwC"},"_chains":{"BYVNGhGiKX1S0f/tXsJNL8fKWwH0hN4BOC43Y3eW5PVQ":{"chainKey":{"counter":0,"key":"cYZKSze7VjTgCqIrcj9kxt/TNx3nrGnoTo2vivhjv5Y="},"chainType":2,"messageKeys":{}},"Bb59vReYpI/SZoCLkzsQ3OuMW6VSWcn007bryGytIixd":{"chainKey":{"counter":-1,"key":"icnMsSUaCHNLRhHVcAIpww7Tk1QBmyEAeacviwnhSpA="},"chainType":1,"messageKeys":{}}}}},"version":"v1"}