{"_sessions":{"BUmGbsnGWUTB+hWP68qK9Pz936455Z6vv5rtDERmQt0/":{"registrationId":842875334,"currentRatchet":{"ephemeralKeyPair":{"pubKey":"BQy4op/V0G5eelZ4GUj4oj/iLuIp8X0xM4yxBaZGDrAW","privKey":"mMbpGr4DXWSVLYZ0jz+4N4cFsBWPffg/Y8beIhSbvmc="},"lastRemoteEphemeralKey":"BYexBAYak1YP0fgMU8CMmaoulohUK7pueVMbk1v3/ckF","previousCounter":0,"rootKey":"yFLeNTi0Ul/7lfWcdBOdAocoSRp7vXDTKcgtlajfV9I="},"indexInfo":{"baseKey":"BUmGbsnGWUTB+hWP68qK9Pz936455Z6vv5rtDERmQt0/","baseKeyType":2,"closed":-1,"used":1724278368757,"created":1724278368757,"remoteIdentityKey":"BUXuLSExnXjOd2fW5ekBez45X1mO6y158EDC+q4hmtYg"},"_chains":{"BYexBAYak1YP0fgMU8CMmaoulohUK7pueVMbk1v3/ckF":{"chainKey":{"counter":1,"key":"0/lGBZXXh+xVANBqeflOu/kjyUG87bjbnnGOfdBJNBE="},"chainType":2,"messageKeys":{}},"BQy4op/V0G5eelZ4GUj4oj/iLuIp8X0xM4yxBaZGDrAW":{"chainKey":{"counter":-1,"key":"vjP+u9DYBfw74Ub4pBwlGmBVqDV/JHHyMGw3CG7KSKI="},"chainType":1,"messageKeys":{}}}}},"version":"v1"}