{"_sessions":{"BUKBXP1zLz0FTWkgR6HexHPhpRXQr91OgPjNqj9Ar/Fs":{"registrationId":1399119320,"currentRatchet":{"ephemeralKeyPair":{"pubKey":"Bb9gBJHPAdXi2/Fb82gLrftKdszW2qvviLqaOpbQRGUm","privKey":"0F3BnpUb2rfEIzBGCEb3TxcCDU+uMcwku02ZS3jbS2M="},"lastRemoteEphemeralKey":"BU/QjzewozFPdS4Vz0RIVKeW6QL0YIna+dEuxzOuetla","previousCounter":0,"rootKey":"NZJ4ViRfYwu46C9RRMgDEOnlotAemmNl/LY1zF6V5Hk="},"indexInfo":{"baseKey":"BUKBXP1zLz0FTWkgR6HexHPhpRXQr91OgPjNqj9Ar/Fs","baseKeyType":2,"closed":-1,"used":1724292648960,"created":1724292648960,"remoteIdentityKey":"Bce0HJfdYO5BJMyp3N95uk2ZPfz7yjQub57+/Z/q1rFn"},"_chains":{"BU/QjzewozFPdS4Vz0RIVKeW6QL0YIna+dEuxzOuetla":{"chainKey":{"counter":0,"key":"kY47Z+lEMbCz5QwUGaZzjGCaHb8+vZ9QLC3dd1NQd5E="},"chainType":2,"messageKeys":{}},"Bb9gBJHPAdXi2/Fb82gLrftKdszW2qvviLqaOpbQRGUm":{"chainKey":{"counter":-1,"key":"DhWXN3GgXZ4C3721R1hb3eO4tXrzURGD1isd2N6p0no="},"chainType":1,"messageKeys":{}}}}},"version":"v1"}