{"_sessions":{"Bf00/XtZPsk1KW8uSK5ssd7nIhfqrILN1lTKifJ0hnc6":{"registrationId":1660892994,"currentRatchet":{"ephemeralKeyPair":{"pubKey":"BV+1fVQKzcyhcc/nlzOLvDlD233TTmls0LL9CL42Q11Q","privKey":"SE0j0Zyj/f3SbBVJ5Wg2qrH/NzF7xdSzsZGAH3+Qs08="},"lastRemoteEphemeralKey":"BSAWzoG4E6yuUz+FOPQsPeBLxELmrr5XQvREJElmERhm","previousCounter":0,"rootKey":"o/urFGbuwh/38e2OYpurjUQqTBMNJweGN0Pjwk6ddqE="},"indexInfo":{"baseKey":"Bf00/XtZPsk1KW8uSK5ssd7nIhfqrILN1lTKifJ0hnc6","baseKeyType":2,"closed":-1,"used":1724292645424,"created":1724292645424,"remoteIdentityKey":"BXA9vp9kxTGA9ZoYGtsWgmIzk7EwlQi4oNqbRmDipNoR"},"_chains":{"BSAWzoG4E6yuUz+FOPQsPeBLxELmrr5XQvREJElmERhm":{"chainKey":{"counter":1,"key":"gYseubp6XrmeLVTUWgslPPBUW7I6ObWTJ8C8SYhXME0="},"chainType":2,"messageKeys":{}},"BV+1fVQKzcyhcc/nlzOLvDlD233TTmls0LL9CL42Q11Q":{"chainKey":{"counter":-1,"key":"tU8AcuLcipQvvJxbtn0q/O/bIyNbbXJQu8dtqR7AD/0="},"chainType":1,"messageKeys":{}}}}},"version":"v1"}