{"_sessions":{"BSfSpEL4kekHixjHuvHLCGmWRw1IdbEXwL2p4yOIhMIc":{"registrationId":100323794,"currentRatchet":{"ephemeralKeyPair":{"pubKey":"BQb0xUFJwQ9sS0+mBQxX5W58y2yBlKnoNLqoEvvhGa4M","privKey":"6DQyg7SziDHYlEP7oDMyLzOWdM6lEkprm8fcH3qP7X0="},"lastRemoteEphemeralKey":"BbFjlqANDWQistrl61+JEkDZvUXok9izLXujdu+oFgwQ","previousCounter":0,"rootKey":"25xUA9uF0zdXzj9+DGIUigz7qOozZONYF2SiWRz66hw="},"indexInfo":{"baseKey":"BSfSpEL4kekHixjHuvHLCGmWRw1IdbEXwL2p4yOIhMIc","baseKeyType":2,"closed":-1,"used":1724292643583,"created":1724292643583,"remoteIdentityKey":"BQxPl9boDm4RPSR1EI7NrEUQt/UGA+V4C2pbTYC9GrAn"},"_chains":{"BbFjlqANDWQistrl61+JEkDZvUXok9izLXujdu+oFgwQ":{"chainKey":{"counter":0,"key":"x4SweDZsI5brhiuSB+klULtAweKNeu2S7VEKDchUncA="},"chainType":2,"messageKeys":{}},"BQb0xUFJwQ9sS0+mBQxX5W58y2yBlKnoNLqoEvvhGa4M":{"chainKey":{"counter":-1,"key":"0AAzm4WdsDLryiNRC9OCGcqioIvVlbXgmXWLfsgsShg="},"chainType":1,"messageKeys":{}}}}},"version":"v1"}