{"_sessions":{"Bck9v7MPGcSBFNLzArhPbNhUiEBpNFB71d8J9mVbVHI+":{"registrationId":8531,"currentRatchet":{"ephemeralKeyPair":{"pubKey":"BU1x7Puo6IadxZMLcZ77PT1NY9PGeHx0fbmiWnTUp9Jg","privKey":"YAixBD6dT/qvllUOyEMER3bhluJ/gTMcHZrGutL2ZFk="},"lastRemoteEphemeralKey":"BYzWZKuSp71PZDgNn6zDKL2kCkAUCAnoQbH0SQVAdLxO","previousCounter":0,"rootKey":"rM9iIqRILA/By8kPBYTsk1mhgTNfNMMHGqm/9rtZjgY="},"indexInfo":{"baseKey":"Bck9v7MPGcSBFNLzArhPbNhUiEBpNFB71d8J9mVbVHI+","baseKeyType":2,"closed":-1,"used":1724276178385,"created":1724276178385,"remoteIdentityKey":"BXUg9s3+GUbp/OipVx9FSmjrEq9fLc4rmsR+1hmjzPox"},"_chains":{"BYzWZKuSp71PZDgNn6zDKL2kCkAUCAnoQbH0SQVAdLxO":{"chainKey":{"counter":3,"key":"SIetfTX6JdqSMcuF7U48mbIl6McMQ5OhQfH5i6Y72ww="},"chainType":2,"messageKeys":{}},"BU1x7Puo6IadxZMLcZ77PT1NY9PGeHx0fbmiWnTUp9Jg":{"chainKey":{"counter":-1,"key":"I6bJ0bYaAkTVBtvTpn42PsVIhVx8HKJ8Nup/OTHwbKc="},"chainType":1,"messageKeys":{}}}}},"version":"v1"}