{"_sessions":{"BX+PwkL+mwzzDw+N7TJ8KQgw3BHJK0Ces22etUGrrs5g":{"registrationId":1482388235,"currentRatchet":{"ephemeralKeyPair":{"pubKey":"BX5u6CQciqMRWwA0clpd8JjsGj0b72Zy104YwmHcjFdJ","privKey":"GKOIy4Lx/OZHJ0elYceM0c9AIuWUhoLEYr2zNpFMS1A="},"lastRemoteEphemeralKey":"BSYNEIPT36ztG5Cw2BHFT9m3e4pw+UiGPnMDQJ6Uis19","previousCounter":0,"rootKey":"NMNkW8qAMwVitWmy/qVMxTT48KuTg6Nv1gipet8R3vY="},"indexInfo":{"baseKey":"BX+PwkL+mwzzDw+N7TJ8KQgw3BHJK0Ces22etUGrrs5g","baseKeyType":2,"closed":-1,"used":1724292645664,"created":1724292645664,"remoteIdentityKey":"Bd4PfUoI8OG3k+T+UVmON3y1v0VgZkHRNWt7VECC2ckZ"},"_chains":{"BSYNEIPT36ztG5Cw2BHFT9m3e4pw+UiGPnMDQJ6Uis19":{"chainKey":{"counter":0,"key":"Kpg5nrO9HJ+/aeWJ8los/aFdgeClfmDJFRGDzFmO/Jk="},"chainType":2,"messageKeys":{}},"BX5u6CQciqMRWwA0clpd8JjsGj0b72Zy104YwmHcjFdJ":{"chainKey":{"counter":-1,"key":"2m5w5L5UbeIYbq3yfiYlpjVaOjmSgGVXv9rIOYbjFJg="},"chainType":1,"messageKeys":{}}}}},"version":"v1"}