{"_sessions":{"BeKqSNKz2ExFBRE24o/G/OwxZfDRB4yeSzw/bN0Nytom":{"registrationId":2085708591,"currentRatchet":{"ephemeralKeyPair":{"pubKey":"BQtVw71LVxv9zG547GQbTl0XHTVFq1loZHLQR0gQ75lo","privKey":"MGARmT/m7Xr6PAlmUZq7fezJB3Qjosqce+5+3AK2nXY="},"lastRemoteEphemeralKey":"BWJVe8RK9Ol5cUA7oiEDBP7HjOKSNNY6sROw504H5jp+","previousCounter":0,"rootKey":"zzgko0oLhLR3/EdaBDe7bhKn+T85BfE7X/LGXt/Ztrk="},"indexInfo":{"baseKey":"BeKqSNKz2ExFBRE24o/G/OwxZfDRB4yeSzw/bN0Nytom","baseKeyType":2,"closed":-1,"used":1724276475067,"created":1724276475067,"remoteIdentityKey":"BfyW6KTM88altyd5gagfFYT466CSr9QnJZr+P2j6CNN2"},"_chains":{"BWJVe8RK9Ol5cUA7oiEDBP7HjOKSNNY6sROw504H5jp+":{"chainKey":{"counter":0,"key":"irqapAgrWRBKyp9V93S3q3GH2CP1hO6yrpkAmg95ulo="},"chainType":2,"messageKeys":{}},"BQtVw71LVxv9zG547GQbTl0XHTVFq1loZHLQR0gQ75lo":{"chainKey":{"counter":-1,"key":"tOW85T3NbTC03mqDF6o5GCYvguiFl4ENwxbNMLyJKUY="},"chainType":1,"messageKeys":{}}}}},"version":"v1"}