{"_sessions":{"BQqvKxfy5SIBwa8bW0eYaSeNAF6nAT19l+i2y8CHaAYK":{"registrationId":307413252,"currentRatchet":{"ephemeralKeyPair":{"pubKey":"BRqZKPLTlibA2Sl39BDnxflHOttL8r4jYGnVZoUEeAYK","privKey":"MDP3ZZb1vXqJueEpYClsdigjmBp2WwmEx2NTwb3TgnU="},"lastRemoteEphemeralKey":"BXiHEW+bTVZcXWdcuJguQJtAQHE5fgFGS/6mGXxK6+g7","previousCounter":0,"rootKey":"ZWQhS+9WARZ7lW3cwR+hP4JhiMGSEXqZmPhHFxDEhwg="},"indexInfo":{"baseKey":"BQqvKxfy5SIBwa8bW0eYaSeNAF6nAT19l+i2y8CHaAYK","baseKeyType":2,"closed":-1,"used":1724270459747,"created":1724270459747,"remoteIdentityKey":"BRKqieLnj5reiYIOzZwX5dDVU5kSRGG2rgnjm9MSIYkT"},"_chains":{"BXiHEW+bTVZcXWdcuJguQJtAQHE5fgFGS/6mGXxK6+g7":{"chainKey":{"counter":11,"key":"4uqIoDSmNCIUtQeq74om6JM05mPVLyekpbs/iZpUUws="},"chainType":2,"messageKeys":{}},"BRqZKPLTlibA2Sl39BDnxflHOttL8r4jYGnVZoUEeAYK":{"chainKey":{"counter":-1,"key":"d1LhepN0Rco3PRliqQ06+Scg7cVQCoEpSKvIwE84ztM="},"chainType":1,"messageKeys":{}}}}},"version":"v1"}