{"_sessions":{"BfcO92RxGw/q20NIPbGSUFHuoCdC7fLmcpMoTUwk3JEc":{"registrationId":22132388,"currentRatchet":{"ephemeralKeyPair":{"pubKey":"BQu2HRhYXzmqOkXFH3McoP095iiKnqzwm2ERLRPa6QBj","privKey":"GBc7kmSVDTq3eblTNYlSndxptoZDfSt8TB/Iv2MfTGw="},"lastRemoteEphemeralKey":"BZL8UPxaZxBw8YAjJ802/zxOUnQn3IOg1wHGQp8ZbDc3","previousCounter":0,"rootKey":"865Z7qU+DwxBSzSTNPjtidswrEpgRDkhBxq5xFlVc+A="},"indexInfo":{"baseKey":"BfcO92RxGw/q20NIPbGSUFHuoCdC7fLmcpMoTUwk3JEc","baseKeyType":2,"closed":-1,"used":1724278224134,"created":1724278224134,"remoteIdentityKey":"BRI/WKF6x++grK2Zy7Nwo1jD0Mk3kHQDsyRKpozwkGJM"},"_chains":{"BZL8UPxaZxBw8YAjJ802/zxOUnQn3IOg1wHGQp8ZbDc3":{"chainKey":{"counter":1,"key":"Tyq7Q0vMmO+JbPIflH5sWP5BA2JKWM2URTaWZhlyb4A="},"chainType":2,"messageKeys":{}},"BQu2HRhYXzmqOkXFH3McoP095iiKnqzwm2ERLRPa6QBj":{"chainKey":{"counter":-1,"key":"ctwBfv9AsOaLYmDuvltQORV2pl3dAh/aHy7Ed7yAOb4="},"chainType":1,"messageKeys":{}}}}},"version":"v1"}