{"_sessions":{"BZ0ogEaF7tTzfYR5lSoSfDm74HP063T1H2OX57RmK7IK":{"registrationId":1828558373,"currentRatchet":{"ephemeralKeyPair":{"pubKey":"BVpfM50eqTNBJKOUEYFenwfVuLxpVSkJueJ02rdl45Ep","privKey":"mEn+s3mM96NkVSXAt0iy11d1nCz2MZe82CpUyJBWs08="},"lastRemoteEphemeralKey":"BaIZywSJ5AhR0kxNT1b3sxF625g2ZmbAU7+OQQPOpqQb","previousCounter":0,"rootKey":"k1NBqiL5WNPTphesSPNlzN6yLm4wkH2NOetol700A1c="},"indexInfo":{"baseKey":"BZ0ogEaF7tTzfYR5lSoSfDm74HP063T1H2OX57RmK7IK","baseKeyType":2,"closed":-1,"used":1724292637111,"created":1724292637111,"remoteIdentityKey":"BTdF9mwfccbQvZ5V7C3NlaFfwiBL9ffbJfa1vfc5OhNR"},"_chains":{"BaIZywSJ5AhR0kxNT1b3sxF625g2ZmbAU7+OQQPOpqQb":{"chainKey":{"counter":3,"key":"PTiVHXi70f07MRjR67/53Qe8thiS4d/Ur6jlIbj4Z20="},"chainType":2,"messageKeys":{}},"BVpfM50eqTNBJKOUEYFenwfVuLxpVSkJueJ02rdl45Ep":{"chainKey":{"counter":-1,"key":"rBBDxfxzgfNgc5wieEaxkdPrPSRbqVbjJaQuQQW1Eao="},"chainType":1,"messageKeys":{}}}}},"version":"v1"}