{"_sessions":{"BS7kuRzL50OtB9WC9IC2GIXgYwsATGEvAl2Ugz4bkege":{"registrationId":90827049,"currentRatchet":{"ephemeralKeyPair":{"pubKey":"Bd53UKxBTYXbD6MVuNwC3elBH6aI86mGjOpkGxuyYRs1","privKey":"cK2k8s8Z3dGcAxQJM4ORZPUFKI0QBH7rFiAdJ1F5GVQ="},"lastRemoteEphemeralKey":"BWHegMiJ0nIYyK86owHpFAzqsWo2WQ71Qm7zZS/6upNd","previousCounter":0,"rootKey":"Xu4ZUJUuSS4iinRajL+RDuvjdyRYPmbKxVyf21XT/Eg="},"indexInfo":{"baseKey":"BS7kuRzL50OtB9WC9IC2GIXgYwsATGEvAl2Ugz4bkege","baseKeyType":2,"closed":-1,"used":1724292648989,"created":1724292648989,"remoteIdentityKey":"BRUooa9leaxexjniZDaNb4hJYX23l4lZsPwGD+b6bWYD"},"_chains":{"BWHegMiJ0nIYyK86owHpFAzqsWo2WQ71Qm7zZS/6upNd":{"chainKey":{"counter":0,"key":"mmkQ6Xw9N0Dp7wwoNtVt7DxwcuqsgU9dP7a3IezgxQ8="},"chainType":2,"messageKeys":{}},"Bd53UKxBTYXbD6MVuNwC3elBH6aI86mGjOpkGxuyYRs1":{"chainKey":{"counter":-1,"key":"qvfa2kg7grb7EbYtZLiwHrrN7ckJQErwLGPplYMTW+o="},"chainType":1,"messageKeys":{}}}}},"version":"v1"}