{"_sessions":{"BW9fW798jplsSib2CEnA0OczrSg5eNwNHVnr+Cu8A0kq":{"registrationId":1939484720,"currentRatchet":{"ephemeralKeyPair":{"pubKey":"Bf/D+5LqPPfkz6xZraW5doJ61LwwEAgH9fG/RziM3dxJ","privKey":"GHC33fZKZcGmxD26zG/f2L0un+wNbAkvr7LIccHoiEQ="},"lastRemoteEphemeralKey":"BWrZXUk+mJIdF0kjb5HvoVGXiDTHgC+McmsKgdR4BEU3","previousCounter":0,"rootKey":"5bRa9KZ8WFGHqLjCSjpTg+wN4BALn4PHCuPhbCPFOlA="},"indexInfo":{"baseKey":"BW9fW798jplsSib2CEnA0OczrSg5eNwNHVnr+Cu8A0kq","baseKeyType":2,"closed":-1,"used":1724275727737,"created":1724275727737,"remoteIdentityKey":"BTneQOf7fC/IRI0CYnY6VT5Xf8+G9RNZ2w/q2HTLeEgZ"},"_chains":{"BWrZXUk+mJIdF0kjb5HvoVGXiDTHgC+McmsKgdR4BEU3":{"chainKey":{"counter":0,"key":"8wHsckdAIgiq5BnBTmuCXXzcJHYpXZ/CntGupmPJbF8="},"chainType":2,"messageKeys":{}},"Bf/D+5LqPPfkz6xZraW5doJ61LwwEAgH9fG/RziM3dxJ":{"chainKey":{"counter":-1,"key":"y0xG1NP+IO9R5xDGqNj58Q34iP6t94zdVqeCJEiol4U="},"chainType":1,"messageKeys":{}}}}},"version":"v1"}