{"_sessions":{"BX8rnuYCaQKQQCUw3l+ccWaJjnIGrFbSd5YAe2Loy5JL":{"registrationId":2122373059,"currentRatchet":{"ephemeralKeyPair":{"pubKey":"BapBn7xGUmGRuJidDGpSVNZT3vEQsYwfFWRqS03Ue6Q6","privKey":"oGhY+ph29e7oYjELioRvlAGTGOcYMoE8Cfqe0qkEOk4="},"lastRemoteEphemeralKey":"BdrrDxEH7Sz77/wqMzLOIv+kk+U35lpZAwBmY3jmlQI7","previousCounter":0,"rootKey":"pT0sMk+v61N0uz7d+D8tp4Qjg3XrOXR/Pq0dSeK3RzM="},"indexInfo":{"baseKey":"BX8rnuYCaQKQQCUw3l+ccWaJjnIGrFbSd5YAe2Loy5JL","baseKeyType":2,"closed":-1,"used":1724270824497,"created":1724270824497,"remoteIdentityKey":"BVqJPVUVw5y7sR7crt46KcEiDM7xbxTSL6D26GfEkshp"},"_chains":{"BdrrDxEH7Sz77/wqMzLOIv+kk+U35lpZAwBmY3jmlQI7":{"chainKey":{"counter":0,"key":"F//nQFEQRl9V45pe2syf4t+RXWB1zJql8Lf1dr47OLw="},"chainType":2,"messageKeys":{}},"BapBn7xGUmGRuJidDGpSVNZT3vEQsYwfFWRqS03Ue6Q6":{"chainKey":{"counter":-1,"key":"vmMPS1Hh1gzfZ5iEqgsBT9/1FhAF8PZB2zgg+PlLXx0="},"chainType":1,"messageKeys":{}}}}},"version":"v1"}