{"_sessions":{"BS8nEvVHinB4DZWxrbnv80TJFk6tIuXLO8ZW0nMaYfIo":{"registrationId":2138853916,"currentRatchet":{"ephemeralKeyPair":{"pubKey":"BfmwOaEGuaRE6FLu49ZEZCm2/V4zFkrMnr+ktXTMyDkQ","privKey":"gAMOS6BGq2ccMvTOHQofmgHvYg6c895LwwdZqr3J2ko="},"lastRemoteEphemeralKey":"BT+JhtoFSLnXyz73j07TPBUFAe2HoHHsoBXerHwMsPUF","previousCounter":0,"rootKey":"eqYetN3xwDNMNL9zAPLZkS8st2gZ03tl1WzixpwdIj8="},"indexInfo":{"baseKey":"BS8nEvVHinB4DZWxrbnv80TJFk6tIuXLO8ZW0nMaYfIo","baseKeyType":2,"closed":-1,"used":1724275729804,"created":1724275729804,"remoteIdentityKey":"BSYNz+/HMmUwpdbY09Wl5AKj0fB/IsVlno2MoXYME2I+"},"_chains":{"BT+JhtoFSLnXyz73j07TPBUFAe2HoHHsoBXerHwMsPUF":{"chainKey":{"counter":2,"key":"BzW0/lxWlLjKJqIWt3lgMimNt24iwem7PePVyVX2mXA="},"chainType":2,"messageKeys":{}},"BfmwOaEGuaRE6FLu49ZEZCm2/V4zFkrMnr+ktXTMyDkQ":{"chainKey":{"counter":-1,"key":"cFbAy8+TtA2jJxwz5TKIVwVWz9dp1qwKj81rMzUe7TM="},"chainType":1,"messageKeys":{}}}}},"version":"v1"}