{"_sessions":{"BXEt93QsBUMgN1rk7bv3UCo6jdMyJvjVeHmrH6BMl3FF":{"registrationId":642792817,"currentRatchet":{"ephemeralKeyPair":{"pubKey":"BeGYtwPBdVp6Muoo7eii9G/49mB7VNP6oM6lh2urk3If","privKey":"YKU7I+oI8lXRxWOlXPM+Ttai1VhYXlSJfJmIywyrkXg="},"lastRemoteEphemeralKey":"BSJnsU3vH/7VfjRpz3KgrHE8ip+Y8tyuU8drxolvJLga","previousCounter":0,"rootKey":"ArjcaWhwNmzC9FNoqL5tcnUev9/TWxItwIqYoK+fOqg="},"indexInfo":{"baseKey":"BXEt93QsBUMgN1rk7bv3UCo6jdMyJvjVeHmrH6BMl3FF","baseKeyType":2,"closed":-1,"used":1724273274731,"created":1724273274731,"remoteIdentityKey":"BWdCdZEUtH10C+9bMNb88sQrgdZzFN82X5IZAq8C/V9b"},"_chains":{"BSJnsU3vH/7VfjRpz3KgrHE8ip+Y8tyuU8drxolvJLga":{"chainKey":{"counter":0,"key":"B1EtDP0jTyDuhqNEAKSSgQmU5PVmK9wlkZsMXcJWDD0="},"chainType":2,"messageKeys":{}},"BeGYtwPBdVp6Muoo7eii9G/49mB7VNP6oM6lh2urk3If":{"chainKey":{"counter":-1,"key":"N6EXJcYRizV7rSPbzkRdbABOAGsFEYMj2I2+FcVTIzQ="},"chainType":1,"messageKeys":{}}}}},"version":"v1"}