{"_sessions":{"BVa/me/opM26cfhg09nkjLm4Rx+18R/AqZnChPNh16N3":{"registrationId":1766307617,"currentRatchet":{"ephemeralKeyPair":{"pubKey":"BfmZfw31sCKbHB9WkvCErpGiJbHUNRasGtzqntxhxSt3","privKey":"yLGkgTKq7UUE6c3QOsIfmFTyrLqmqFntsLzduNLcIG4="},"lastRemoteEphemeralKey":"BZOaFjtk/541qOTxQSVJcn6r0ixKQt02QU5k6s/VsygJ","previousCounter":0,"rootKey":"VL4Tfk22B9V9hywewD8outLhgGwvnP2gNT57jGOM+gc="},"indexInfo":{"baseKey":"BVa/me/opM26cfhg09nkjLm4Rx+18R/AqZnChPNh16N3","baseKeyType":2,"closed":-1,"used":1724273418210,"created":1724273418210,"remoteIdentityKey":"BQc2s+yl/ld9wakvmvFJmQ5ur+fcQfsKeg3IWS5Ihos9"},"_chains":{"BZOaFjtk/541qOTxQSVJcn6r0ixKQt02QU5k6s/VsygJ":{"chainKey":{"counter":0,"key":"HgdkiXN1tM6LY2KHJs1J/iRoeu6g5BkEuaBkP5c1JmQ="},"chainType":2,"messageKeys":{}},"BfmZfw31sCKbHB9WkvCErpGiJbHUNRasGtzqntxhxSt3":{"chainKey":{"counter":-1,"key":"j0iIMYmxkAJav9obgkLoiMIo/G0Rt/cgipTb5fRIFsU="},"chainType":1,"messageKeys":{}}}}},"version":"v1"}