{"_sessions":{"BbPaC2rOmomQT8496G5JomXQcrLpx/B1rGWEI3y//H8J":{"registrationId":1364376884,"currentRatchet":{"ephemeralKeyPair":{"pubKey":"BRf0XTTFhSfpS0cC1a/vG0BfmwhPlihrbOfKnSe+AoVF","privKey":"QPR/7GLDDSSJaXjGLuGcjcyMBxpg66KLWoChurmqnHA="},"lastRemoteEphemeralKey":"BXGKtz7v/yE/F88+sTaoksVmeiX87gFuIgICknWnsUBv","previousCounter":0,"rootKey":"kaKdJ3XVpYagezYgrjia+Dj/nKhstPjs4rYNkgMtURM="},"indexInfo":{"baseKey":"BbPaC2rOmomQT8496G5JomXQcrLpx/B1rGWEI3y//H8J","baseKeyType":2,"closed":-1,"used":1724292646805,"created":1724292646805,"remoteIdentityKey":"BVItcnXEnqf0l9aeetX0DcOZvsfiURxS27b26bn1OUdl"},"_chains":{"BXGKtz7v/yE/F88+sTaoksVmeiX87gFuIgICknWnsUBv":{"chainKey":{"counter":0,"key":"XX0tWjLCFIUyT5riAQAByEmL3vXb6ZZ8+hLyGb9T1nY="},"chainType":2,"messageKeys":{}},"BRf0XTTFhSfpS0cC1a/vG0BfmwhPlihrbOfKnSe+AoVF":{"chainKey":{"counter":-1,"key":"NTzVRoo8qaoK3QX34hI6YjAhvAr8/7c1xzYzGFWAfz0="},"chainType":1,"messageKeys":{}}}}},"version":"v1"}