{"_sessions":{"Bd34ojHgnHCQXLsGZ05keoJs7czu5Z+Ch+DOnzs2a555":{"registrationId":1563221254,"currentRatchet":{"ephemeralKeyPair":{"pubKey":"BVi1Eo4Cbbc11MJO/b0Ssqbq8JA7zIZ/nSYMqf9Y5LZl","privKey":"oEiXaF8vRO02Y/qSWzjy6Qawr0gtpf7p6V6kLrjNmFo="},"lastRemoteEphemeralKey":"BfqvxY5quZ86aXB/tnAxBqTzrMGqMmIm6PnkZcdeKFhM","previousCounter":0,"rootKey":"wQlShC2lUchbDI9HHh3p9iMUGnEuBWXhAYjCTwxVRzk="},"indexInfo":{"baseKey":"Bd34ojHgnHCQXLsGZ05keoJs7czu5Z+Ch+DOnzs2a555","baseKeyType":2,"closed":-1,"used":1724277376125,"created":1724277376125,"remoteIdentityKey":"BWl2+KA5HJ6uhESbvvRiFSi008lGARxz8wE708i2CEw2"},"_chains":{"BfqvxY5quZ86aXB/tnAxBqTzrMGqMmIm6PnkZcdeKFhM":{"chainKey":{"counter":0,"key":"E4WMKEiBxAMMYhpv49ahwxYd9JUaZNzAHyQcE/sIjQ4="},"chainType":2,"messageKeys":{}},"BVi1Eo4Cbbc11MJO/b0Ssqbq8JA7zIZ/nSYMqf9Y5LZl":{"chainKey":{"counter":-1,"key":"Bv2ER7CeSPd2bGzkpYPmNrAWr0tuUSoWpFSgS+r3SGs="},"chainType":1,"messageKeys":{}}}}},"version":"v1"}