{"_sessions":{"BSMZItmp0XxHfyxrFRub7ymbO2yyHQD+EPzhRbYeFQMV":{"registrationId":1666316778,"currentRatchet":{"ephemeralKeyPair":{"pubKey":"BaCk+6IFZjWzkx3iy5HUjr13K24ofaBhXU89I5m+5Ftb","privKey":"SKC+YuHYfQ5SEACvvOqk4lG5GsWBqMc3cXAYtCxnHUM="},"lastRemoteEphemeralKey":"Bd//hiPMizv3HuMYnz1lpbFuT2XnKkD2YoHVdInwUB13","previousCounter":0,"rootKey":"uAx9kxKXk9IN75qYtt/RhrXUyWunb1iCS6Plv7shOs4="},"indexInfo":{"baseKey":"BSMZItmp0XxHfyxrFRub7ymbO2yyHQD+EPzhRbYeFQMV","baseKeyType":2,"closed":-1,"used":1724275727634,"created":1724275727634,"remoteIdentityKey":"Be2otkgfOzxnCOpZllnjjo24wJb5c7EOL/HQoF75Uykt"},"_chains":{"Bd//hiPMizv3HuMYnz1lpbFuT2XnKkD2YoHVdInwUB13":{"chainKey":{"counter":0,"key":"8q7yjJKdrDHjNWRdkoQdoF5VbI+BwxJ0BODlym+o24k="},"chainType":2,"messageKeys":{}},"BaCk+6IFZjWzkx3iy5HUjr13K24ofaBhXU89I5m+5Ftb":{"chainKey":{"counter":-1,"key":"5i2m8AuUFqFb0mdcEEOKzuLg0Tiz2XppQPc9WXsF2iE="},"chainType":1,"messageKeys":{}}}}},"version":"v1"}