{"_sessions":{"BZZGttqOleTa/jPUWXUoZDMCfPMV8Hu7BtLiwZ+jCGlB":{"registrationId":1696038716,"currentRatchet":{"ephemeralKeyPair":{"pubKey":"BVmS49uJjECtSlQvN2rOk7fF/7PytUsji36vuouB9XEX","privKey":"ILKKfznXaAhLqXppDcHRln0WNgM+R3iB3XLgvMAX5kc="},"lastRemoteEphemeralKey":"BYaxbcpStWivaSDgKSqIO33ztSAPPjmu+fHqyfk2vgl6","previousCounter":0,"rootKey":"gfJ3+Hn6pRkyzSMlZVYVxsez0e5EyGQoDa4amGEu8VQ="},"indexInfo":{"baseKey":"BZZGttqOleTa/jPUWXUoZDMCfPMV8Hu7BtLiwZ+jCGlB","baseKeyType":2,"closed":-1,"used":1724292645991,"created":1724292645991,"remoteIdentityKey":"BZlqXvnYqK0t4GBYMixZbfmp/iDpXdGysXKiKWfR89ET"},"_chains":{"BYaxbcpStWivaSDgKSqIO33ztSAPPjmu+fHqyfk2vgl6":{"chainKey":{"counter":0,"key":"EVL0QJ/5MNcY9naMUTz8PgdpcVAXkPW3RqDQfiJg3pM="},"chainType":2,"messageKeys":{}},"BVmS49uJjECtSlQvN2rOk7fF/7PytUsji36vuouB9XEX":{"chainKey":{"counter":-1,"key":"r176HHcsyfCKtb0G0s/oVdw4UYNM9m41kQ4x6RZRvc4="},"chainType":1,"messageKeys":{}}}}},"version":"v1"}