{"_sessions":{"BaSoQNVI452qIp+NibpC3q+R9eQVcKzVGYQcxT6jLJoD":{"registrationId":471139398,"currentRatchet":{"ephemeralKeyPair":{"pubKey":"BT6KOmx5MwEzvvU/ZxBiufhACiIXzwIcAIaiKCMzjx1k","privKey":"kEHXMB0uCe38R6dR1FwZL2ZLTNIeBWJafT/o/ko79HA="},"lastRemoteEphemeralKey":"BWIwd5uxguZjS/z1x0YhKP0vxHHFGbPxpjRzDpvmLJUh","previousCounter":0,"rootKey":"XI6/oYvj9lqMj/RqrXYCB+a2XyZbKUKK88UB2SDWrQE="},"indexInfo":{"baseKey":"BaSoQNVI452qIp+NibpC3q+R9eQVcKzVGYQcxT6jLJoD","baseKeyType":2,"closed":-1,"used":1724292646448,"created":1724292646448,"remoteIdentityKey":"BbGlwrOOQ949XaIvAYfdam0Eu+2siT4rrv+oJCbGXTo+"},"_chains":{"BWIwd5uxguZjS/z1x0YhKP0vxHHFGbPxpjRzDpvmLJUh":{"chainKey":{"counter":0,"key":"ob/V5JwWEHC3v4CXdhQQZ8sP8JRN5bnoYr+X2zeSPno="},"chainType":2,"messageKeys":{}},"BT6KOmx5MwEzvvU/ZxBiufhACiIXzwIcAIaiKCMzjx1k":{"chainKey":{"counter":-1,"key":"qh5wTuOhRtxs9Mu9A7Tne6QJLCHYAkbgdcL7gkvU+BQ="},"chainType":1,"messageKeys":{}}}}},"version":"v1"}