{"_sessions":{"Ba8tNDAyMURICVMlcB/U3g+Z8YvYY0hvVT+H1i774u4m":{"registrationId":1405960619,"currentRatchet":{"ephemeralKeyPair":{"pubKey":"BZ+/5takmoGO+urG/t8ncSRKbOhYe8FHcz56Tnq5pIZk","privKey":"QMxY1p9k1SGP+1X+I9feUPMy20Wftwm9vaCn5cRiKlo="},"lastRemoteEphemeralKey":"BYnBOnjV/9PzpObgIxDUKbsgSeh+If9Kl0a8hNvXpeph","previousCounter":0,"rootKey":"tRZOrt1NvLB4cPB8i4nCOqnB4u2oIQaDU+k5uGH0GJM="},"indexInfo":{"baseKey":"Ba8tNDAyMURICVMlcB/U3g+Z8YvYY0hvVT+H1i774u4m","baseKeyType":2,"closed":-1,"used":1724292647672,"created":1724292647672,"remoteIdentityKey":"BYPg/6R7ozHT+oD5Pqo0B3URsjmQAs8soakXGyQy+MRh"},"_chains":{"BYnBOnjV/9PzpObgIxDUKbsgSeh+If9Kl0a8hNvXpeph":{"chainKey":{"counter":0,"key":"sSP6qEiMgnmcfk+4k0q4K3i4PrhI0QkMKjbOhkjESR8="},"chainType":2,"messageKeys":{}},"BZ+/5takmoGO+urG/t8ncSRKbOhYe8FHcz56Tnq5pIZk":{"chainKey":{"counter":-1,"key":"imUMvaC3pXb5sTJGySJPv9974mHneG1Beqw3owxIE+o="},"chainType":1,"messageKeys":{}}}}},"version":"v1"}