{"_sessions":{"Bdjv+JU2GgZJWa58VzBfh3071BvPGQh/S4LL3ZvoYr9g":{"registrationId":1625732432,"currentRatchet":{"ephemeralKeyPair":{"pubKey":"BW9u19OWDMjG44cgm9P6BrR+bEX4HQ9UIkhoFaBNl8YL","privKey":"qNZ1KPQPNgy7tq4x37APXAwJoWF3KE5Val6LepWPhVE="},"lastRemoteEphemeralKey":"BVLXUEplFy6BLCkOIIA90DqITd5C8CBVLT5x+3YiMpZF","previousCounter":0,"rootKey":"+rO0Rbvr78KiJ8q//51t2uL9aHnDmDYrt+LI0OF8nK8="},"indexInfo":{"baseKey":"Bdjv+JU2GgZJWa58VzBfh3071BvPGQh/S4LL3ZvoYr9g","baseKeyType":2,"closed":-1,"used":1724292648359,"created":1724292648359,"remoteIdentityKey":"BRQONUMs/s8P7YCKOZ8b6teejBC22IxZf/MOFY89JGQ3"},"_chains":{"BVLXUEplFy6BLCkOIIA90DqITd5C8CBVLT5x+3YiMpZF":{"chainKey":{"counter":0,"key":"gANYugshhCETXA62jFVC5yxPwn8zVa2dprQ5BZQxfQI="},"chainType":2,"messageKeys":{}},"BW9u19OWDMjG44cgm9P6BrR+bEX4HQ9UIkhoFaBNl8YL":{"chainKey":{"counter":-1,"key":"sHOXfC+UvkmA8c3xygDSmzVTNFAyC8omCPRhkgSSdr0="},"chainType":1,"messageKeys":{}}}}},"version":"v1"}