{"_sessions":{"BRg4g6THPNaKZNNfpGNOeulVQXWrSWLCF4gaVE3epGpD":{"registrationId":1531712450,"currentRatchet":{"ephemeralKeyPair":{"pubKey":"BdTWWU3Ow3GK1iQyJNZIn0utZERdL6PmLpYRtbe09a4L","privKey":"SJjmtiO6yqr6ARdazPrBhgDe9y4R3+JpK5jJm/0FJ2U="},"lastRemoteEphemeralKey":"BaOWI8FFMaGySMCuwhPei3TtVmprOiupcf/Gs4gPD89M","previousCounter":0,"rootKey":"ZWMTAVSg5TLgj+1equ/ww3FqIIK0BMt2TZs+MMk0RJk="},"indexInfo":{"baseKey":"BRg4g6THPNaKZNNfpGNOeulVQXWrSWLCF4gaVE3epGpD","baseKeyType":2,"closed":-1,"used":1724292645354,"created":1724292645354,"remoteIdentityKey":"BUxpA5h+qKYQfo5Qnm7MYSgjo/6YwHq4xQmxblQvZvVf"},"_chains":{"BaOWI8FFMaGySMCuwhPei3TtVmprOiupcf/Gs4gPD89M":{"chainKey":{"counter":0,"key":"rTxqEdDFWFb6I5PYTIWML3wQgBhiDZCFOKB595ystJ0="},"chainType":2,"messageKeys":{}},"BdTWWU3Ow3GK1iQyJNZIn0utZERdL6PmLpYRtbe09a4L":{"chainKey":{"counter":-1,"key":"+puzlDHXpYj4/I9b9qsSv71jV46VuMSFtjEetT6nd9w="},"chainType":1,"messageKeys":{}}}}},"version":"v1"}