{"_sessions":{"BWeqN6w3K4hNjQn1OqwNkd/b50GZ2cbayAVUe3QaGOY/":{"registrationId":1034458431,"currentRatchet":{"ephemeralKeyPair":{"pubKey":"BXyOBZqo5UNKbBz90VELDmf9yclkKhXDtWlFACpvFHYA","privKey":"OKN1mEoogigsmNYnwVl95gKBU/j0kDq2bx2sCACoinE="},"lastRemoteEphemeralKey":"BW1YvWzhvDsdSs5dWRNFEHlbEn3SBXjs1qZYUe87+GFY","previousCounter":0,"rootKey":"jhcgQzuL8oeIRFEk2i/t5P/2xxUuEwlz3lhzNYf7F/Q="},"indexInfo":{"baseKey":"BWeqN6w3K4hNjQn1OqwNkd/b50GZ2cbayAVUe3QaGOY/","baseKeyType":2,"closed":-1,"used":1724278266132,"created":1724278266132,"remoteIdentityKey":"BZoXkxpxMqUEpCkLsbnA1BMIJPJRnL6ZaF+xQTN+N9gO"},"_chains":{"BW1YvWzhvDsdSs5dWRNFEHlbEn3SBXjs1qZYUe87+GFY":{"chainKey":{"counter":0,"key":"7qXDnvQ/BSMQ7IYBpqU7UicWUlGRPXFo8X5M2/ASqdQ="},"chainType":2,"messageKeys":{}},"BXyOBZqo5UNKbBz90VELDmf9yclkKhXDtWlFACpvFHYA":{"chainKey":{"counter":-1,"key":"LtRm8eMwKku057yDioFNeAnMxYgYdo8KGpYdqwP0dcc="},"chainType":1,"messageKeys":{}}}}},"version":"v1"}