{"_sessions":{"BUFR3N0APgHOIBCAKgQoIdSNAF6jl1JtGogQyt07u7lL":{"registrationId":406851590,"currentRatchet":{"ephemeralKeyPair":{"pubKey":"Ba8OVHpROvdHB6SA7OZ+3tH8b3IwU6zshbI3DAK4JyBU","privKey":"gEIF634PfmEYlJz8gDrZ4BW/8nFjRN5LBdWc9j8OKUo="},"lastRemoteEphemeralKey":"BfwKGRIYq0UVe1ssg+vfjYMzCBeSFbsJxJca466r2Nsg","previousCounter":0,"rootKey":"XdgSmTxdeMOe5znYq/CObMV9ki+N1iYHVq0tZv9wV6g="},"indexInfo":{"baseKey":"BUFR3N0APgHOIBCAKgQoIdSNAF6jl1JtGogQyt07u7lL","baseKeyType":2,"closed":-1,"used":1724292640810,"created":1724292640810,"remoteIdentityKey":"BfqEFLxpjNBHu/kG7A3yZ2ur2/auzR2f5Ia9RmVx5lY9"},"_chains":{"BfwKGRIYq0UVe1ssg+vfjYMzCBeSFbsJxJca466r2Nsg":{"chainKey":{"counter":0,"key":"I13FzGHMyxmxY/rPQmnOHwhadqGoWzaw4XX6xI97IPc="},"chainType":2,"messageKeys":{}},"Ba8OVHpROvdHB6SA7OZ+3tH8b3IwU6zshbI3DAK4JyBU":{"chainKey":{"counter":-1,"key":"u4/OwL4tBnwq1HYleQS08zQqhNlq0GtfOsjEx5dqbOk="},"chainType":1,"messageKeys":{}}}}},"version":"v1"}