{"_sessions":{"BdoOcU6ONuPO90A4MSWsc8CzlRHXBjSJV5Jt4N8Hm+xQ":{"registrationId":1909136292,"currentRatchet":{"ephemeralKeyPair":{"pubKey":"BXv14wlzNG0JrNNWsyzI56yThBv2Y6D2bsNqHA/3j28g","privKey":"6CsraFyqxox/8jk73ccEbJHNbUztikcwG+5K2A2sslA="},"lastRemoteEphemeralKey":"Be7KKAUu/G2M2frhBMTjveIpFgSgYlmOZvU2PwfDxWMh","previousCounter":0,"rootKey":"l/F4ycmC2vXk0FvWiSv58MQMqJF9GY0cNLmvxGzPGRc="},"indexInfo":{"baseKey":"BdoOcU6ONuPO90A4MSWsc8CzlRHXBjSJV5Jt4N8Hm+xQ","baseKeyType":2,"closed":-1,"used":1724280012327,"created":1724280012327,"remoteIdentityKey":"BSxOkggImB0tmc9MTLwpMkKcBU81+MCoG0l1DZgvtqFg"},"_chains":{"Be7KKAUu/G2M2frhBMTjveIpFgSgYlmOZvU2PwfDxWMh":{"chainKey":{"counter":0,"key":"C+FpgZLYFf13lkFkB+fyMapiCMiOxBBmXRjQ5ldINyQ="},"chainType":2,"messageKeys":{}},"BXv14wlzNG0JrNNWsyzI56yThBv2Y6D2bsNqHA/3j28g":{"chainKey":{"counter":-1,"key":"k7Dogna4TO0DndbALi4YCGXPDAJof/Xiemgg0GLzBvE="},"chainType":1,"messageKeys":{}}}}},"version":"v1"}