{"_sessions":{"BW5MyL04YDqLAGlUteShCDeM8y44/4oCV5btJ3DOq9F1":{"registrationId":908596158,"currentRatchet":{"ephemeralKeyPair":{"pubKey":"BXCGIpz78+B8ONIcc6tUgSaKpgCC7xToxBdtwYs1jyAx","privKey":"IKI4mMOhAfX0McMmnXq6FsXnuXlPz64ISWgDbSLcWWA="},"lastRemoteEphemeralKey":"Bf4eFLCUPWYhuA1uQLLUzz5RberqwFsw6pfVSoK+o3dd","previousCounter":0,"rootKey":"q6LYk3mwDiMRnoN2VcxKFiJlmKCFom6Us0tkEErxyC0="},"indexInfo":{"baseKey":"BW5MyL04YDqLAGlUteShCDeM8y44/4oCV5btJ3DOq9F1","baseKeyType":2,"closed":-1,"used":1724270458024,"created":1724270458024,"remoteIdentityKey":"BXxAnHMDrIE1uP2hlVRGvX490u5C5gzH8OEaMQwVRzNZ"},"_chains":{"Bf4eFLCUPWYhuA1uQLLUzz5RberqwFsw6pfVSoK+o3dd":{"chainKey":{"counter":0,"key":"whG/9M/b+bZXC5rFQKPvQ7mKOi5+MZlAgEfa5GJBQkE="},"chainType":2,"messageKeys":{}},"BXCGIpz78+B8ONIcc6tUgSaKpgCC7xToxBdtwYs1jyAx":{"chainKey":{"counter":-1,"key":"mJnkcYdhS8sYtFnpIQ23i1HwoJ3E7oOnD6x/hvra+N0="},"chainType":1,"messageKeys":{}}}}},"version":"v1"}