{"_sessions":{"BUbcwoPqzCJDv3Q0HaTowplN6s44bPDqH2IykGBCfHlb":{"registrationId":919290222,"currentRatchet":{"ephemeralKeyPair":{"pubKey":"BR/+dMesiHRt5Q5mYjOcTdHIeRflfK9ss4/I07e3XCkO","privKey":"yEcnUz0fxoTUduDUQe41i3uSrX/wwNbbqrrmjOO3MkI="},"lastRemoteEphemeralKey":"BQX1GrOIWlbXnBRpzhSRAlW02dDYMSQ9zkRXci3umPJj","previousCounter":0,"rootKey":"mYyPoP3IBDkPrE3VcNJ7WZ2ttYgXHLaHhyqKckYrE6Y="},"indexInfo":{"baseKey":"BUbcwoPqzCJDv3Q0HaTowplN6s44bPDqH2IykGBCfHlb","baseKeyType":2,"closed":-1,"used":1724292636879,"created":1724292636879,"remoteIdentityKey":"BZNUtaWzEGPY3v30qZS0Zfuraw5S8aY1hTeXhsodXTsC"},"_chains":{"BQX1GrOIWlbXnBRpzhSRAlW02dDYMSQ9zkRXci3umPJj":{"chainKey":{"counter":3,"key":"/XoBBXCjXainK0riL6y4C855M9tftlCT9NdKK5H8X/8="},"chainType":2,"messageKeys":{}},"BR/+dMesiHRt5Q5mYjOcTdHIeRflfK9ss4/I07e3XCkO":{"chainKey":{"counter":-1,"key":"MSaGP9ej5nyGWsdgiTuzV499jm76H7S8I58TFrrT8Ic="},"chainType":1,"messageKeys":{}}}}},"version":"v1"}