{"_sessions":{"BTbNmSePusjacRZOwfdUle6gOHUzt6fWSulYh5KWUl1G":{"registrationId":534845505,"currentRatchet":{"ephemeralKeyPair":{"pubKey":"Bc71bO/uzJZAdNMb9q3ir2na2lRM3sAqYYLrxKxC6gYP","privKey":"aNpNMmkqFGbHXGVBeWk/J+IYrjv6RM/1tHNaE/3ykVI="},"lastRemoteEphemeralKey":"BRrS0IsK83yjP6779lycOmzcdpotDXzlLPOH0fLrSt1A","previousCounter":0,"rootKey":"38fhTeKb91rWAAvbokofhQmj4clUJBjPEsDXHIXAcpI="},"indexInfo":{"baseKey":"BTbNmSePusjacRZOwfdUle6gOHUzt6fWSulYh5KWUl1G","baseKeyType":2,"closed":-1,"used":1724292649620,"created":1724292649620,"remoteIdentityKey":"BUXuCv/vj1AW+6qyUe00sQ5B+Sn8Ffqg9klp+TCE2X80"},"_chains":{"BRrS0IsK83yjP6779lycOmzcdpotDXzlLPOH0fLrSt1A":{"chainKey":{"counter":0,"key":"4MWhQjKdLFwW0vgexHtjrqKyjN9izXD9dPzoQzjy7S0="},"chainType":2,"messageKeys":{}},"Bc71bO/uzJZAdNMb9q3ir2na2lRM3sAqYYLrxKxC6gYP":{"chainKey":{"counter":-1,"key":"Im4iamXnx1K5pOtwIz7NNtCP1H9aci9sZYePlZvdhPw="},"chainType":1,"messageKeys":{}}}}},"version":"v1"}