{"_sessions":{"Bdsa7Vlw4zaoadZb7umFA4kQtyBDK5pMkJhXMmeRHTJA":{"registrationId":1007666703,"currentRatchet":{"ephemeralKeyPair":{"pubKey":"BTgnnLmcQcMBq3PkkGOEg8ZSgRCOAkUfNrf8a8QeR3lc","privKey":"qL44lS0x80eZ0vKjfr2w4WBZhlu+Mknqzc53d708AEI="},"lastRemoteEphemeralKey":"Bcs8pbVx/fN5d+fuLWQppeesBBlQbPauYWjK5RQ4wxEy","previousCounter":0,"rootKey":"PWU8mbd/bGmSY6rDWoFUCCQwqj2TwHeLS7fYvda/dRM="},"indexInfo":{"baseKey":"Bdsa7Vlw4zaoadZb7umFA4kQtyBDK5pMkJhXMmeRHTJA","baseKeyType":2,"closed":-1,"used":1724292645179,"created":1724292645179,"remoteIdentityKey":"BbV7cb4309pq8PO5ZIKFEi2Y93ruEiWdxfBzuhZmM94z"},"_chains":{"Bcs8pbVx/fN5d+fuLWQppeesBBlQbPauYWjK5RQ4wxEy":{"chainKey":{"counter":0,"key":"g6xRn4/SJx3d0i8/oJl9zp8BOsTV5nrijpgoTKoLjXA="},"chainType":2,"messageKeys":{}},"BTgnnLmcQcMBq3PkkGOEg8ZSgRCOAkUfNrf8a8QeR3lc":{"chainKey":{"counter":-1,"key":"0OvxR5IF3GBYHZD8m8eTekKwM7DkPYsJ2NfkgtSoYiI="},"chainType":1,"messageKeys":{}}}}},"version":"v1"}