{"_sessions":{"BYTpbf4znG9VCImoXWFQsyi153d95cMFtmaf2ptuoXh8":{"registrationId":952081724,"currentRatchet":{"ephemeralKeyPair":{"pubKey":"BbXa/XEbqmlpsLmtNRze1jwnAOmbQt/Wr81phiPqfPxf","privKey":"wIYFOwVnUyL8Y9Ht9FkjaD4H8TcSNLp8hAUsynXqpUM="},"lastRemoteEphemeralKey":"BXKDhQgSv/bV1gn/Eil8z9a5ELxXqLHbZUBcjBJRgsVH","previousCounter":0,"rootKey":"5M/7W0dq46LWtVh2JLdKu1YBDZooJ9wBjcvax2wYxmc="},"indexInfo":{"baseKey":"BYTpbf4znG9VCImoXWFQsyi153d95cMFtmaf2ptuoXh8","baseKeyType":2,"closed":-1,"used":1724275730876,"created":1724275730876,"remoteIdentityKey":"BWqKmjQFeTse3tVut2q+wuu7TFv83/aHb5oy+XSn8TUn"},"_chains":{"BXKDhQgSv/bV1gn/Eil8z9a5ELxXqLHbZUBcjBJRgsVH":{"chainKey":{"counter":0,"key":"IRfD3h+aFL6iUVGjjdX3FY+gwMbMNbdRmtXHcMT6Ylc="},"chainType":2,"messageKeys":{}},"BbXa/XEbqmlpsLmtNRze1jwnAOmbQt/Wr81phiPqfPxf":{"chainKey":{"counter":-1,"key":"CysUnnSqq2a80BkkuIjmry38hq+jTyClPb2vYbLkC5c="},"chainType":1,"messageKeys":{}}}}},"version":"v1"}