{"_sessions":{"BfJoCsj47Bf49t6mMzVPXKdG7Z/QITtWQ8TVhkovoSQF":{"registrationId":1514969385,"currentRatchet":{"ephemeralKeyPair":{"pubKey":"Bbo0//lY6HT3uBA2d/TVJP91AHMn8ZCO6w0XAl9G1/0z","privKey":"gE89fBXhlfQFH51dKVdA+cXEuSzeGJH3RkMlvXD7GkI="},"lastRemoteEphemeralKey":"BTJ+dT4QwrxjvbFHfVIxf/0QuEczivc1O9Vb2yHHzz9T","previousCounter":0,"rootKey":"h4as+g7J8xR0RTLgF7Rn+wk8WVI+X/WkoXn5hNkYsrE="},"indexInfo":{"baseKey":"BfJoCsj47Bf49t6mMzVPXKdG7Z/QITtWQ8TVhkovoSQF","baseKeyType":2,"closed":-1,"used":1724292636735,"created":1724292636735,"remoteIdentityKey":"BXI/nYSLYifGFYfTh2zZva/Pcb0mXF4Qeq4a03A06fMC"},"_chains":{"BTJ+dT4QwrxjvbFHfVIxf/0QuEczivc1O9Vb2yHHzz9T":{"chainKey":{"counter":1,"key":"Bl1mb/WCWh/3ETgtRftY2UGaJwic+rR8r3wwpK1Sbu4="},"chainType":2,"messageKeys":{}},"Bbo0//lY6HT3uBA2d/TVJP91AHMn8ZCO6w0XAl9G1/0z":{"chainKey":{"counter":-1,"key":"HQ0VSL0e+vXBKQsh0KsqJs6E1oRPM8U3SUgSSzi9WwQ="},"chainType":1,"messageKeys":{}}}}},"version":"v1"}