{"_sessions":{"BXfjtY/FzPAKyY1CltU+Vdlbfurw4tx6CdPuw1F1mvcQ":{"registrationId":397116269,"currentRatchet":{"ephemeralKeyPair":{"pubKey":"BVftPxjD4Z3+8R5hCYo4HrFW8XNMxZmxGzYI4FIcpu9u","privKey":"OLa33M8sQad4hxLlKVMGll0bzFs32R0NqhplOnDKDFI="},"lastRemoteEphemeralKey":"BZP0qA1BAgZ7Z9d17E4ekfFoR9tZ1axnuKEhXMe3kIlo","previousCounter":0,"rootKey":"LLxpMWsHguX9afVhSc9j/wIMVPqyofo5tID9YBRBO5s="},"indexInfo":{"baseKey":"BXfjtY/FzPAKyY1CltU+Vdlbfurw4tx6CdPuw1F1mvcQ","baseKeyType":2,"closed":-1,"used":1724269384011,"created":1724269384011,"remoteIdentityKey":"BXFEbK+Vui88iU75kbWiP2TO4NJ9Dbq8/fMlXXfD21M7"},"_chains":{"BZP0qA1BAgZ7Z9d17E4ekfFoR9tZ1axnuKEhXMe3kIlo":{"chainKey":{"counter":2,"key":"+wqxh3TIaxGZr2pVFDjNcX2mso0qE0rB9Jr9tKtyKpA="},"chainType":2,"messageKeys":{}},"BVftPxjD4Z3+8R5hCYo4HrFW8XNMxZmxGzYI4FIcpu9u":{"chainKey":{"counter":-1,"key":"fFp9I/7Ol+0XrPMAXVgXMlIuu8KV6fiqcf31iIYzCs4="},"chainType":1,"messageKeys":{}}}}},"version":"v1"}