{"_sessions":{"BQnxbVKPAMqIMDe5Z4Ye732JBjUvPEf4Ey8vFCA0DR17":{"registrationId":142861805,"currentRatchet":{"ephemeralKeyPair":{"pubKey":"BekbB6Ltr+Gg2ltFAZYIzhB1OJE1l4eTLeVO1ZX2nn13","privKey":"qFgO2YELApMUAwqDyo6U9Npa/NzmqxqCOnExcMb0i2Y="},"lastRemoteEphemeralKey":"BdHlSSbOU/MWe4T+yLWq9ue+IvP3NlSxcVlcd+CFDGAI","previousCounter":0,"rootKey":"RI9YDQLFj+XJOjWFQUeUJdFb86vggyROo8W0QPSgpX8="},"indexInfo":{"baseKey":"BQnxbVKPAMqIMDe5Z4Ye732JBjUvPEf4Ey8vFCA0DR17","baseKeyType":2,"closed":-1,"used":1724277847083,"created":1724277847082,"remoteIdentityKey":"BTMvPgzd2KOfXyyfs7Er00RnkS2B33sKhk/ieKyop24c"},"_chains":{"BdHlSSbOU/MWe4T+yLWq9ue+IvP3NlSxcVlcd+CFDGAI":{"chainKey":{"counter":0,"key":"9ymeSHaaHPItp+ZtnIyxG03dxqoyG7C7q2gRzEh1Kw0="},"chainType":2,"messageKeys":{}},"BekbB6Ltr+Gg2ltFAZYIzhB1OJE1l4eTLeVO1ZX2nn13":{"chainKey":{"counter":-1,"key":"5jXZ45HXQGHqPAepb2BRD2sbWXjonIrMhlile6l2u/o="},"chainType":1,"messageKeys":{}}}}},"version":"v1"}