{"_sessions":{"BeV4h/9StB0ZT8vcLMbTJo3Pp71+BLrtPS/5VKOR3JsI":{"registrationId":793021661,"currentRatchet":{"ephemeralKeyPair":{"pubKey":"BTED9MJUFG41KOmMxZt97qUkcEXgrBKdKGBj3MsZjaRz","privKey":"ODGAMqgXx0dF2CFNKZEjwB5f4GVOOnaPZIIu77CjGXA="},"lastRemoteEphemeralKey":"Be1PpkyIpXP5h4zR24p454OzdAaILSynvj9MqlX0lVBP","previousCounter":0,"rootKey":"jH7l012CmROkwPAKVSxo9B9sLulG0mVLYpCB+5CElH8="},"indexInfo":{"baseKey":"BeV4h/9StB0ZT8vcLMbTJo3Pp71+BLrtPS/5VKOR3JsI","baseKeyType":2,"closed":-1,"used":1724273136385,"created":1724273136385,"remoteIdentityKey":"BQfZvkGVgZJHcf/40T+onXbc97F40EkY89xBssQBjjxA"},"_chains":{"Be1PpkyIpXP5h4zR24p454OzdAaILSynvj9MqlX0lVBP":{"chainKey":{"counter":3,"key":"KIgVK+TRhF2SHVE4e2qNf9PzHIqlh8aKWcFSafJt7S8="},"chainType":2,"messageKeys":{}},"BTED9MJUFG41KOmMxZt97qUkcEXgrBKdKGBj3MsZjaRz":{"chainKey":{"counter":-1,"key":"kwLwhMqQpvFmvrmNyGrOhiFCSf2NjI2DXNOPdb68n+Y="},"chainType":1,"messageKeys":{}}}}},"version":"v1"}