{"_sessions":{"BclT1b0rTkabds/hDhiVw3dXe8uYE0dx9SCLujTcKLRE":{"registrationId":1366126868,"currentRatchet":{"ephemeralKeyPair":{"pubKey":"Bdff81XtaJgXqMJzcqd13aIQP6qRgbGi5ByF768cd5YE","privKey":"KMXx65df9tBMS71wv1L5j3XoUbpgCNv4JTGiAD3gRVg="},"lastRemoteEphemeralKey":"BaHbnUFetArfzCYGAjJ4cm3Rn2Y4M/9r019BItoLCvUs","previousCounter":0,"rootKey":"ay1/rLv4d58g1/1hHwr1zsuoq67fiX+AsT8MBH0JuH0="},"indexInfo":{"baseKey":"BclT1b0rTkabds/hDhiVw3dXe8uYE0dx9SCLujTcKLRE","baseKeyType":2,"closed":-1,"used":1724270537764,"created":1724270537764,"remoteIdentityKey":"BW31LulXRA83GthyuwEUNOK70v5uZihbtHFC0WVkTQAF"},"_chains":{"BaHbnUFetArfzCYGAjJ4cm3Rn2Y4M/9r019BItoLCvUs":{"chainKey":{"counter":0,"key":"l7y+CJe34yV2QK947+0A9HQDHmH4vhosVjWwNx+BD+U="},"chainType":2,"messageKeys":{}},"Bdff81XtaJgXqMJzcqd13aIQP6qRgbGi5ByF768cd5YE":{"chainKey":{"counter":-1,"key":"/2FZCTNG0Th94qvHuWxmYoH9jJEhuTm6oqY64tacW78="},"chainType":1,"messageKeys":{}}}}},"version":"v1"}