{"_sessions":{"BYLV8jW1hiN68qqIaYV0lRFv35Xgh4G4g+4+iiZewBlm":{"registrationId":1046850668,"currentRatchet":{"ephemeralKeyPair":{"pubKey":"BfMgWyI4sAr4O+TkTtd/9tAjAi8ffYDo6ItPd0MABGNn","privKey":"sLZtNdgiaI5AKsPAxb3ZuxM+h6GuSl0VExG6Pz1GF1o="},"lastRemoteEphemeralKey":"BePPUdZVIoPaNRm+kI9SKMUfPRUMA1c679+6y4r/5SVP","previousCounter":0,"rootKey":"aeiU8PrVzu77tWW2S1pMUZjZ7mTR4n6bvPTT8IdJ9io="},"indexInfo":{"baseKey":"BYLV8jW1hiN68qqIaYV0lRFv35Xgh4G4g+4+iiZewBlm","baseKeyType":2,"closed":-1,"used":1724275730707,"created":1724275730707,"remoteIdentityKey":"BalUjyHx1GfAfO0mpLWt7S7Q0p7uGxJHl7z6HnfrZb8V"},"_chains":{"BePPUdZVIoPaNRm+kI9SKMUfPRUMA1c679+6y4r/5SVP":{"chainKey":{"counter":0,"key":"hbEvKJLNM+IFEf4ee2m8kN9X0UF3PP5gNiSBQ2evBYw="},"chainType":2,"messageKeys":{}},"BfMgWyI4sAr4O+TkTtd/9tAjAi8ffYDo6ItPd0MABGNn":{"chainKey":{"counter":-1,"key":"2ZujFFeX0sxLDZ/UMC5dvsI/5v3BkVxx98Nmzk9Sk88="},"chainType":1,"messageKeys":{}}}}},"version":"v1"}