{"_sessions":{"BXZ9eUXU/La0+l10F+RYOQpdevkiewC+K20dPBCseNZL":{"registrationId":1821905267,"currentRatchet":{"ephemeralKeyPair":{"pubKey":"BXsGh1vSb5uUZP/9OZGJckrcLyuLbBsDP9ArSGm+I1YS","privKey":"SEFzn5pnVkg2fSE3vLc4D8bUYiRaK4ltDGj58zUJrW0="},"lastRemoteEphemeralKey":"BW/vlqig1uj/s3kgCglWHrK97/WRPvlVwy17rMOsqw04","previousCounter":0,"rootKey":"WxsOd1lDsp/07Ols9GEVX7R0aXocoNOYCATmXZ4ayCU="},"indexInfo":{"baseKey":"BXZ9eUXU/La0+l10F+RYOQpdevkiewC+K20dPBCseNZL","baseKeyType":2,"closed":-1,"used":1724292647201,"created":1724292647201,"remoteIdentityKey":"Bb79fUlT3CukrTQs/ob4L8QgrlUvc9p13UxTe8Awvj0a"},"_chains":{"BW/vlqig1uj/s3kgCglWHrK97/WRPvlVwy17rMOsqw04":{"chainKey":{"counter":0,"key":"cx8i9ky1ASeLWiZS87+UJVzvrP0n5WizI5jOM5ajKRo="},"chainType":2,"messageKeys":{}},"BXsGh1vSb5uUZP/9OZGJckrcLyuLbBsDP9ArSGm+I1YS":{"chainKey":{"counter":-1,"key":"oAa36rfsxCyfrKuf4iecTnPUZymq2qZow6ymPfQw484="},"chainType":1,"messageKeys":{}}}}},"version":"v1"}