{"_sessions":{"BYSkLnX3KT3wQp3Xw9+tTEZ2pAz6QE5LvUV5hoBTgyUe":{"registrationId":97145142,"currentRatchet":{"ephemeralKeyPair":{"pubKey":"BcUFE0eDNTcn7yMPVkQ/bi88cKLE8ygazKj8xLPxmxFq","privKey":"iIV5il74V9p6KhHG0pmmginYm+fdt6H0kgPW+Qls+GE="},"lastRemoteEphemeralKey":"BcIp7wzt3R0f+47Pb2bU57UVDuUUntOgb8iSDZQ52a5d","previousCounter":0,"rootKey":"4IPfV4YeDtq6f5Kcf+iLER5X8Z0b+i/B/Qukszs2dyk="},"indexInfo":{"baseKey":"BYSkLnX3KT3wQp3Xw9+tTEZ2pAz6QE5LvUV5hoBTgyUe","baseKeyType":2,"closed":-1,"used":1724292645284,"created":1724292645284,"remoteIdentityKey":"Bf85JS8pv87aXxFI4mcjV2QKhgUMjgWypPctR1yIvMxJ"},"_chains":{"BcIp7wzt3R0f+47Pb2bU57UVDuUUntOgb8iSDZQ52a5d":{"chainKey":{"counter":0,"key":"Hw5OUi2CzG2N0rUqDoXx+p1wLHBltzQy1zvbSPUAouc="},"chainType":2,"messageKeys":{}},"BcUFE0eDNTcn7yMPVkQ/bi88cKLE8ygazKj8xLPxmxFq":{"chainKey":{"counter":-1,"key":"atFrWJDR2IqmmuIL0Lhwdg6FSzdxV7NMwdkeoChIey4="},"chainType":1,"messageKeys":{}}}}},"version":"v1"}