{"_sessions":{"BdSY9c3FmTTOGUCEQailVIw7x50buNDKf/wyt1OAx9kF":{"registrationId":1299269959,"currentRatchet":{"ephemeralKeyPair":{"pubKey":"BWexEQ6P6Czq3rtJnZJQOI48F6JrkjUJPdzsTbrKSzE/","privKey":"sIczOk1xMrCvk+jsd4PPaV7UAY26vud/n4qHcbP2JlA="},"lastRemoteEphemeralKey":"BejMku/7+ptKgiWCxlCierg0NEet9qLcLcuVKfBRkHUp","previousCounter":0,"rootKey":"au34IXUUt7MMmiZvVbLdp/g7UPgkAXFexae8w4beMxs="},"indexInfo":{"baseKey":"BdSY9c3FmTTOGUCEQailVIw7x50buNDKf/wyt1OAx9kF","baseKeyType":2,"closed":-1,"used":1724270622765,"created":1724270622765,"remoteIdentityKey":"BQE2NeVaOJlr+CDbNHoUAtaeeo4OTtW6gIdWZi+O1Ztv"},"_chains":{"BejMku/7+ptKgiWCxlCierg0NEet9qLcLcuVKfBRkHUp":{"chainKey":{"counter":0,"key":"OXIHakwuV7CTLj13RelrKP4jdcep9zFNuKQ/RDMvCyM="},"chainType":2,"messageKeys":{}},"BWexEQ6P6Czq3rtJnZJQOI48F6JrkjUJPdzsTbrKSzE/":{"chainKey":{"counter":-1,"key":"MtbU4xwKdMLpQ5GkxPhph+PW71l3lO8Apg3SyW44mDg="},"chainType":1,"messageKeys":{}}}}},"version":"v1"}