{"_sessions":{"BWugxA99Py06BrDi8Ujjg9qfRWgavQk/STTS76ezm2Fn":{"registrationId":1901417208,"currentRatchet":{"ephemeralKeyPair":{"pubKey":"BcVNn3KH+k+Prh0u9fBHd9Xs9MGzxTHVKnkSozwmH1pH","privKey":"2JiIGDzrsPjpzXebveAnx3TPz91Sme1fXR3mZ5vv8ks="},"lastRemoteEphemeralKey":"BTkwwLZGUlpxWNxAlHULx0wgI+yY2ak7TRB2RuXNVHAP","previousCounter":0,"rootKey":"16D5BNebCDX6UFJmgpmzhMBVf9FWr83zSUigqECWU2M="},"indexInfo":{"baseKey":"BWugxA99Py06BrDi8Ujjg9qfRWgavQk/STTS76ezm2Fn","baseKeyType":2,"closed":-1,"used":1724292639064,"created":1724292639064,"remoteIdentityKey":"BQNJbanrdhO7wvPgMqT5ixBYD7Rrv6orR2CUfMhrx9Ib"},"_chains":{"BTkwwLZGUlpxWNxAlHULx0wgI+yY2ak7TRB2RuXNVHAP":{"chainKey":{"counter":0,"key":"b7DlugWBw7ufE9Vs8yeNOGDEQ9ZWcaZlsPTDbc/i700="},"chainType":2,"messageKeys":{}},"BcVNn3KH+k+Prh0u9fBHd9Xs9MGzxTHVKnkSozwmH1pH":{"chainKey":{"counter":-1,"key":"+D2mUmGEgP0l2Nn4bJ1tRQKbFuqlMLzNGsBegXtTcTg="},"chainType":1,"messageKeys":{}}}}},"version":"v1"}