{"_sessions":{"BbteT0PHzywRaBXQ4eKfw6r3tkLHpC8vt5B2AU6ZVHlp":{"registrationId":1273673434,"currentRatchet":{"ephemeralKeyPair":{"pubKey":"BZCCFyfX8HpUOI2KZw3d1LR6f8R3fvx6sV5yDB/ikApY","privKey":"8NRcJG32BqRT6DrU5V+i5dKpYV47B2OqOBJqtbPKC08="},"lastRemoteEphemeralKey":"BW4ZyjhS9sgXiZXv+jW2qi6sR+jSTCjQweHnblxtwBAH","previousCounter":0,"rootKey":"vELwhPfnstGjHWOHEQkXtTne+BEUyN5CBP973MWXLKQ="},"indexInfo":{"baseKey":"BbteT0PHzywRaBXQ4eKfw6r3tkLHpC8vt5B2AU6ZVHlp","baseKeyType":2,"closed":-1,"used":1724279895655,"created":1724279895655,"remoteIdentityKey":"BVFiVwWXVEp3pxO1bOoAsK8mez1SEAZy7faNoVoLb9I3"},"_chains":{"BW4ZyjhS9sgXiZXv+jW2qi6sR+jSTCjQweHnblxtwBAH":{"chainKey":{"counter":2,"key":"R9dE7kwk69V5992yZNRwa46CAFGK3kmEnPbQFCPKDA4="},"chainType":2,"messageKeys":{}},"BZCCFyfX8HpUOI2KZw3d1LR6f8R3fvx6sV5yDB/ikApY":{"chainKey":{"counter":-1,"key":"YZx4otxkbwdbZ+ShjpmC/+L0xd0JWy2EDoanGeZnzsI="},"chainType":1,"messageKeys":{}}}}},"version":"v1"}