{"_sessions":{"Be4FHrn9g0FtjNmgcmfmiJJYTG9UQltLK27mfuBm++AJ":{"registrationId":2111518195,"currentRatchet":{"ephemeralKeyPair":{"pubKey":"BepTowEMrY8iWlfxZU1SVQeiwTfwyuXq2uZ2ICX8Kaw9","privKey":"gDUYvmmwviD5gD9vGVXTJKvHp/9bfDTrZWyLn4KjOVk="},"lastRemoteEphemeralKey":"Bd9Qs9ROA54wLQpSqxl4Xb/j4X9ZoRo9qM8XToWec9Ve","previousCounter":0,"rootKey":"cylaMBU2vJkPAfuSLuCipuBMEgsYIaEN/73yd9/itqs="},"indexInfo":{"baseKey":"Be4FHrn9g0FtjNmgcmfmiJJYTG9UQltLK27mfuBm++AJ","baseKeyType":2,"closed":-1,"used":1724278042236,"created":1724278042236,"remoteIdentityKey":"BcxjE7bg51jlyBMfrUs9izsnrYEyTolfbzY6bDAMQu8V"},"_chains":{"Bd9Qs9ROA54wLQpSqxl4Xb/j4X9ZoRo9qM8XToWec9Ve":{"chainKey":{"counter":0,"key":"X0x4c4eGPeeEk8Ae7tcE6qj5mObb8cbKJfy0XDDewIs="},"chainType":2,"messageKeys":{}},"BepTowEMrY8iWlfxZU1SVQeiwTfwyuXq2uZ2ICX8Kaw9":{"chainKey":{"counter":-1,"key":"EtiiS6kozeuSwlweBOQMqSLJsGS/TExHVwIx62Y56yg="},"chainType":1,"messageKeys":{}}}}},"version":"v1"}