{"_sessions":{"BVXakOMV9WhIvkMzpVSEwD0zwBkxXwBW9f0gAA6Jw11b":{"registrationId":1325373600,"currentRatchet":{"ephemeralKeyPair":{"pubKey":"BWNdzWRVcZNr60hjpvxLEaLUYvneaY6wPNz3HY/Hzv41","privKey":"2NnsX7oPp9gKzYjh02ptQ1+XZqI89MIk1c9roywYd1I="},"lastRemoteEphemeralKey":"BTVkum7Ps2ZxRcK7MXkSqQXQ+mt3+oVe4SLJIGuyiq4/","previousCounter":0,"rootKey":"xZof4cVsXn8fixsP4xxsxQUxe+xrAvd6Ky7ZXlOyVrw="},"indexInfo":{"baseKey":"BVXakOMV9WhIvkMzpVSEwD0zwBkxXwBW9f0gAA6Jw11b","baseKeyType":2,"closed":-1,"used":1724275727171,"created":1724275727171,"remoteIdentityKey":"BRC8WfBhzzVAORABwE/hg1LYSboVu9NnG0UYD5TYIbUe"},"_chains":{"BTVkum7Ps2ZxRcK7MXkSqQXQ+mt3+oVe4SLJIGuyiq4/":{"chainKey":{"counter":4,"key":"nmDPZS+UHQiea1GnPNhM/yJ6ysKgtCJEEhw4YKKhRlw="},"chainType":2,"messageKeys":{}},"BWNdzWRVcZNr60hjpvxLEaLUYvneaY6wPNz3HY/Hzv41":{"chainKey":{"counter":-1,"key":"068G7JNVDJNGhn+nE09xMkRojMvxFIqA/hgLhroKh7o="},"chainType":1,"messageKeys":{}}}}},"version":"v1"}