{"_sessions":{"BaCRBtOJSVKtLSRAHNFR4S34zMEVlHBK/EgYWrFV0rIB":{"registrationId":156320157,"currentRatchet":{"ephemeralKeyPair":{"pubKey":"BfZwRzmroAm1xg4cFFwLeBkD4zLL8S8DlkXEelV+M0Q2","privKey":"4LqbrzaF5kVn62OUcXImb8bOuDQXQFela7/KX9PFInc="},"lastRemoteEphemeralKey":"BTcNgkfpSZ7GFfpiN2BUbHfg2ZYFeJKzhdH/D+Bbl9ds","previousCounter":0,"rootKey":"wDfVuf4RVSxnkWVwbIVeivlfl/HdHzlsDb1Ci+FvbPg="},"indexInfo":{"baseKey":"BaCRBtOJSVKtLSRAHNFR4S34zMEVlHBK/EgYWrFV0rIB","baseKeyType":2,"closed":-1,"used":1724279480119,"created":1724279480119,"remoteIdentityKey":"BU1ake6XL5Iau/p5CvvJlN9VMxyrD2OlKvfFoqvVsU5c"},"_chains":{"BTcNgkfpSZ7GFfpiN2BUbHfg2ZYFeJKzhdH/D+Bbl9ds":{"chainKey":{"counter":0,"key":"lpTyO88U/pgTu80HTdQVWRFrqAFC4wTHnASHoARGGa0="},"chainType":2,"messageKeys":{}},"BfZwRzmroAm1xg4cFFwLeBkD4zLL8S8DlkXEelV+M0Q2":{"chainKey":{"counter":-1,"key":"+8dVKdRl9CBBA8kY1pRkurC4rR/GMdoG8eS/T/5yMJE="},"chainType":1,"messageKeys":{}}}}},"version":"v1"}