{"_sessions":{"BcZFSmAvUj9YYRpX9rcxhQpLqVvkcogRjI4NGZeUPKdU":{"registrationId":1612740226,"currentRatchet":{"ephemeralKeyPair":{"pubKey":"BTcGruhuwp+BDcJ7C+DHzHXqjg3eLuE2HbKmR5ClRWNt","privKey":"UD2yRvVh6oL/3aaHVGYi9ZZwzqJfS6a1B2mt6595lkg="},"lastRemoteEphemeralKey":"BVgtt3jO+SlMU68y3m+5nxvtrY6o3yt1iD+i+xEjPf1E","previousCounter":0,"rootKey":"q5FdTsDoSwGVkHk60OEghlcRloEe/XEK9yyARU1NgEg="},"indexInfo":{"baseKey":"BcZFSmAvUj9YYRpX9rcxhQpLqVvkcogRjI4NGZeUPKdU","baseKeyType":2,"closed":-1,"used":1724273136623,"created":1724273136623,"remoteIdentityKey":"BUlFCQrLvNfPXDZJ76cdWQfrpR2lKK2VDRqSPTfRUppP"},"_chains":{"BVgtt3jO+SlMU68y3m+5nxvtrY6o3yt1iD+i+xEjPf1E":{"chainKey":{"counter":1,"key":"bLb7yYcMgv7WKpYte7ogoVv9ui4iJ6wAERjxLTFgv34="},"chainType":2,"messageKeys":{}},"BTcGruhuwp+BDcJ7C+DHzHXqjg3eLuE2HbKmR5ClRWNt":{"chainKey":{"counter":-1,"key":"0hCpgojJTEpzYTZ+U6UPEPdb+FaVvyooKdanXOrhphI="},"chainType":1,"messageKeys":{}}}}},"version":"v1"}