{"_sessions":{"BebSIV1BXnHjbV6IC5s2j+rmMa6dHQw8jNAstWwRuhY+":{"registrationId":1541516642,"currentRatchet":{"ephemeralKeyPair":{"pubKey":"BVnJoRi9XpEI5CCmplQP1E/Z9UydLGJwf6JRko7lbi5M","privKey":"yJ+L4fPLuFAKDqlMW/Rp2ADff1tnl9A+eLXdx/uJCGw="},"lastRemoteEphemeralKey":"BaBarhpp05yYQ1FCKZn/7+gS5GHjr+XRdMZkWQaoxtUx","previousCounter":0,"rootKey":"/oHnX91DKHX8kaMRgIlKxvz7ILP9DN5mMnJ3A5gxFIg="},"indexInfo":{"baseKey":"BebSIV1BXnHjbV6IC5s2j+rmMa6dHQw8jNAstWwRuhY+","baseKeyType":2,"closed":-1,"used":1724277221114,"created":1724277221114,"remoteIdentityKey":"BWOfGoLcT2mqw9zZglhH9TIDewWYXdkbfRf6htUGB+lg"},"_chains":{"BaBarhpp05yYQ1FCKZn/7+gS5GHjr+XRdMZkWQaoxtUx":{"chainKey":{"counter":0,"key":"DXfO3FucfOgZ/4HfbFVJsrR7bs3o85pmO6s/dJjRRYk="},"chainType":2,"messageKeys":{}},"BVnJoRi9XpEI5CCmplQP1E/Z9UydLGJwf6JRko7lbi5M":{"chainKey":{"counter":-1,"key":"HgDQdshh84+5Av8S2+XUYxJJfWmlFcaI3//kJbDSfG8="},"chainType":1,"messageKeys":{}}}}},"version":"v1"}