{"_sessions":{"BZzkA2y0uvF+4d5RkxtT2/BnsEMhTRYpdKH8YG8gDL8V":{"registrationId":648133596,"currentRatchet":{"ephemeralKeyPair":{"pubKey":"BQw2MUs/+l/n612o5g2tgEvQ2tmextVmp//CNHyAeBYh","privKey":"YDN0fPS6y1vff/ltEQkrNzOUf7NhnsROr2SshRFa0kE="},"lastRemoteEphemeralKey":"BRUItw00zbU5C5s8VSMxBAS0N4yHAB7JohwqD8jF0g9m","previousCounter":0,"rootKey":"hLCI6HH1CXuNWxBRDhpFLBNFikVbxHpy1lWNmps6BuM="},"indexInfo":{"baseKey":"BZzkA2y0uvF+4d5RkxtT2/BnsEMhTRYpdKH8YG8gDL8V","baseKeyType":2,"closed":-1,"used":1724276780189,"created":1724276780189,"remoteIdentityKey":"BdgIvHkq6WuBMGQQny3kNaC7kCOgjdwoLgM1CmdjKlEg"},"_chains":{"BRUItw00zbU5C5s8VSMxBAS0N4yHAB7JohwqD8jF0g9m":{"chainKey":{"counter":0,"key":"CHuulIvLElLWT6wPjRbLFmqKNfjsZAB++3Hp0eu7h2s="},"chainType":2,"messageKeys":{}},"BQw2MUs/+l/n612o5g2tgEvQ2tmextVmp//CNHyAeBYh":{"chainKey":{"counter":-1,"key":"5fvFta63j+T6kKnsD4QSIRb5irU3v6Cmh1380Ifm1aw="},"chainType":1,"messageKeys":{}}}}},"version":"v1"}