{"_sessions":{"BeJGPrrH4famY486kO0xWxNY/rS8YTZ51y2lLjQDsUw8":{"registrationId":1844887770,"currentRatchet":{"ephemeralKeyPair":{"pubKey":"BagF2uHl3XO/tdKj07FZ2K98Af/4Q8BDDE3lNiJISX1b","privKey":"QBVjo3L2ou1zXarV0XjyAP1tNv2E2zZtrHdJWFRfomU="},"lastRemoteEphemeralKey":"BV2c4tqL8SfD9L4D+QB2/vKYbwCu8lEZPNn71Enx54cp","previousCounter":0,"rootKey":"o3kc/EQ0rCBeKe0Usa+3u3cc2DiPqe/lOCQeyg5dWp0="},"indexInfo":{"baseKey":"BeJGPrrH4famY486kO0xWxNY/rS8YTZ51y2lLjQDsUw8","baseKeyType":2,"closed":-1,"used":1724273387781,"created":1724273387781,"remoteIdentityKey":"BdXJCHK4k9tDiheU+Y9csUQJanCUBGMuAsqKB+dj0xAY"},"_chains":{"BV2c4tqL8SfD9L4D+QB2/vKYbwCu8lEZPNn71Enx54cp":{"chainKey":{"counter":1,"key":"6gVRk4tcGeYRjCc6skJdmZnDM3IVhe8i/Dl5e9v/dqo="},"chainType":2,"messageKeys":{}},"BagF2uHl3XO/tdKj07FZ2K98Af/4Q8BDDE3lNiJISX1b":{"chainKey":{"counter":-1,"key":"9sYSgH0JhMhSHHG+BxrKPgZnb85qwNGtxCmrwXNEgPE="},"chainType":1,"messageKeys":{}}}}},"version":"v1"}