{"_sessions":{"BWGGL3p9sX7TIjR7UiSdLgpvIUzvp5ET9cMLdbF7NSZP":{"registrationId":1850449727,"currentRatchet":{"ephemeralKeyPair":{"pubKey":"BVUfEaHzkUoz+B6f2fXuwHF3ofqlzBUGhDcOGzouaIdm","privKey":"eFN9NMYJ3jOn1beiqFuBbiMk/Wm1QMIOoHVBLjvxkW0="},"lastRemoteEphemeralKey":"BeOpUAfH+0VxsnUohGvFps1tH8UnxMqVeqIs3Nl8CtVD","previousCounter":0,"rootKey":"mFXm7tGG8BzClemwhXILWogAjY94QIj+D2x6GIvdM2s="},"indexInfo":{"baseKey":"BWGGL3p9sX7TIjR7UiSdLgpvIUzvp5ET9cMLdbF7NSZP","baseKeyType":2,"closed":-1,"used":1724274413292,"created":1724274413292,"remoteIdentityKey":"BR98jQm/FNA83ww78SVnVBMb48mUbLy71yyPQH3MZcon"},"_chains":{"BeOpUAfH+0VxsnUohGvFps1tH8UnxMqVeqIs3Nl8CtVD":{"chainKey":{"counter":1,"key":"kxSjB7fBPDh04/ipsQMwUK6hjNxwFNvdAz5d04jpFNY="},"chainType":2,"messageKeys":{}},"BVUfEaHzkUoz+B6f2fXuwHF3ofqlzBUGhDcOGzouaIdm":{"chainKey":{"counter":-1,"key":"nOc09cFB55bUqqSZ+H5YmV0lPsn6lnHjuvGI4FwAgv8="},"chainType":1,"messageKeys":{}}}}},"version":"v1"}