{"_sessions":{"BRvBK8nBUuldLPkD/jxtAsjyjjGJC62TsKs3Vtp7IZ89":{"registrationId":812431204,"currentRatchet":{"ephemeralKeyPair":{"pubKey":"BRAmDd5vvkkwtHN+n3lwdggH7FIjaIiYncKSR/taMRV7","privKey":"SBzvnMscaB0ym07SyVAhUo2hIJj1qTpxIaBHpb83lEU="},"lastRemoteEphemeralKey":"BW+2G37gZG28tuJPzPHTIjZG5WkoX9uo6U+qBu5ojYdA","previousCounter":0,"rootKey":"oixnaJ1uNxNxYVSp8hTgwR3eOirB3UgM7d8la9MBxhE="},"indexInfo":{"baseKey":"BRvBK8nBUuldLPkD/jxtAsjyjjGJC62TsKs3Vtp7IZ89","baseKeyType":2,"closed":-1,"used":1724273137151,"created":1724273137151,"remoteIdentityKey":"BbPWHNQbWCe5qPPScH436vGHrYJaz901Foh5iZLvsDAy"},"_chains":{"BW+2G37gZG28tuJPzPHTIjZG5WkoX9uo6U+qBu5ojYdA":{"chainKey":{"counter":0,"key":"sdVHSTm755Tnc9cgqrBFPI8FSrWGIacTJKmGLmypyRM="},"chainType":2,"messageKeys":{}},"BRAmDd5vvkkwtHN+n3lwdggH7FIjaIiYncKSR/taMRV7":{"chainKey":{"counter":-1,"key":"yznU70Z9oM5bcRFeQfN0j+IYJEVj8cMRezcGZG88T88="},"chainType":1,"messageKeys":{}}}}},"version":"v1"}