{"_sessions":{"BfsD7/TV9OvhmuHIrS3NPF8KqmPGtOpXbzz/5fuC8ZhV":{"registrationId":330828014,"currentRatchet":{"ephemeralKeyPair":{"pubKey":"BQ1yvEQvcBxJjSCoH/wEHjH4hPTOb9thQjdE5RV/m5tm","privKey":"kJLfdLxYm5S1YQCfzG7qiClq/KQDvtyDcl4PlLnnxEo="},"lastRemoteEphemeralKey":"BUpu0mICID18f+zsqteqzByK+f7CCwMK2aFAODcqOv1z","previousCounter":0,"rootKey":"iK9JddPcjfs9IVY1znsS8j8878IdY8yM64TjNS27unc="},"indexInfo":{"baseKey":"BfsD7/TV9OvhmuHIrS3NPF8KqmPGtOpXbzz/5fuC8ZhV","baseKeyType":2,"closed":-1,"used":1724292642828,"created":1724292642828,"remoteIdentityKey":"BYhI4Kyda5YxdDJlDYwMrzh7t4MMuPjHSy5/olHP3Dci"},"_chains":{"BUpu0mICID18f+zsqteqzByK+f7CCwMK2aFAODcqOv1z":{"chainKey":{"counter":0,"key":"Bk35DauT4lOUJbJS9G2daSZO4Au2QW/vrBu9tIuofys="},"chainType":2,"messageKeys":{}},"BQ1yvEQvcBxJjSCoH/wEHjH4hPTOb9thQjdE5RV/m5tm":{"chainKey":{"counter":-1,"key":"PmhcVLsR+f9gcg7HWPyVoxyXRLUL4iIp+E5DGWH/cvM="},"chainType":1,"messageKeys":{}}}}},"version":"v1"}