{"_sessions":{"BeqER8Ptsewrb3dYOQlT4YiqXd1/VuU/dKLlssvkZzMl":{"registrationId":1640902641,"currentRatchet":{"ephemeralKeyPair":{"pubKey":"BVTEp0X/TZKc9bxxSTd1rURZ/OqEmCad77JuqsM/mDsZ","privKey":"YGj8cWn6ClUYWkYnlC9OKRA0P8M2glR/PKJ9iB8p4k4="},"lastRemoteEphemeralKey":"BRw3xwyPh0hZJOpxbdjA3Yrum3jW9yv673sTqppzOZgB","previousCounter":0,"rootKey":"G8c6U6hB+eQhwn4gnsS3od96CQOpYfg9Xvup7jQvJ6k="},"indexInfo":{"baseKey":"BeqER8Ptsewrb3dYOQlT4YiqXd1/VuU/dKLlssvkZzMl","baseKeyType":2,"closed":-1,"used":1724292649843,"created":1724292649843,"remoteIdentityKey":"BVHcQCPQ6EEAgWCToOhZNDNXGKqs+a00Ww+Lh+HNQy53"},"_chains":{"BRw3xwyPh0hZJOpxbdjA3Yrum3jW9yv673sTqppzOZgB":{"chainKey":{"counter":0,"key":"v+SoSRm833DCTg7GHboYfqwOkr0EeaCHvhaCJ/qvJHQ="},"chainType":2,"messageKeys":{}},"BVTEp0X/TZKc9bxxSTd1rURZ/OqEmCad77JuqsM/mDsZ":{"chainKey":{"counter":-1,"key":"Pr9HYHJnTUyOFm2gWRm8SuSN4i/3GVrrZObnh/P1xO8="},"chainType":1,"messageKeys":{}}}}},"version":"v1"}