{"_sessions":{"BSHchgyxQWfTrsLy8i5o4UfzDAFq2R8nyORPRmdcRsYn":{"registrationId":841245275,"currentRatchet":{"ephemeralKeyPair":{"pubKey":"BeGQ9PQCuPHKKXNlRMEdikJYvTAOUkxXk227KXZVZoQE","privKey":"AI519SRf/y7VQ5MR7sBPPZht+Pg3GMohip7NOabNGko="},"lastRemoteEphemeralKey":"BfDeg4IF3H9kfWn+JhthIdfow14gDrsd7BV4bQ/zEeUA","previousCounter":0,"rootKey":"aD0Fc7/n4qfPyAAeomIScwxIk5dFZWdDJJrtyp6yETE="},"indexInfo":{"baseKey":"BSHchgyxQWfTrsLy8i5o4UfzDAFq2R8nyORPRmdcRsYn","baseKeyType":2,"closed":-1,"used":1724275729581,"created":1724275729581,"remoteIdentityKey":"BW+bM0jb3B+8OOTXsPh6RpGbaUn9VTSYed8LkoLICOZP"},"_chains":{"BfDeg4IF3H9kfWn+JhthIdfow14gDrsd7BV4bQ/zEeUA":{"chainKey":{"counter":2,"key":"s4FhD1Au/8kM5v/aII+VJKdk3uBfWoYHgcwNtKrY3/M="},"chainType":2,"messageKeys":{}},"BeGQ9PQCuPHKKXNlRMEdikJYvTAOUkxXk227KXZVZoQE":{"chainKey":{"counter":-1,"key":"p3nKDcEOqW7dOnzoOpNt6lOszW92qlPi7JtmO4aZadU="},"chainType":1,"messageKeys":{}}}}},"version":"v1"}