{"_sessions":{"BdLrwtL66tRQL54kTsdoPSERPtRXL40HtUO9DlqpLTk8":{"registrationId":404707792,"currentRatchet":{"ephemeralKeyPair":{"pubKey":"BQUOPaBv++tFnwEW1jnRPy1QRCDHWafyyUdTIiP0L/5e","privKey":"gP0dN+9R1WGydKbKPmDg12krmZSX6BnSADdOx4krb3c="},"lastRemoteEphemeralKey":"BX6F6apuAQqgxrsk3WRNglE57e7e/powacJlBASaDRM+","previousCounter":0,"rootKey":"IRj96YzPpa16hOM1erFOZdmwlTqbAq3H06MfufQ+G4Y="},"indexInfo":{"baseKey":"BdLrwtL66tRQL54kTsdoPSERPtRXL40HtUO9DlqpLTk8","baseKeyType":2,"closed":-1,"used":1724276632133,"created":1724276632133,"remoteIdentityKey":"BYmNSRXkwr+hNSl7GGiFM50+1UeY6fWjFnq5nQ+fbnVC"},"_chains":{"BX6F6apuAQqgxrsk3WRNglE57e7e/powacJlBASaDRM+":{"chainKey":{"counter":0,"key":"OS68lz1ZxjpsoV/E4m+YaBsb2vuwfDgB9o5BNMDvZ2o="},"chainType":2,"messageKeys":{}},"BQUOPaBv++tFnwEW1jnRPy1QRCDHWafyyUdTIiP0L/5e":{"chainKey":{"counter":-1,"key":"sda3Q4NBdB/jvbQUFrhlVYqTjYXN0dJNYlXOioFoBFg="},"chainType":1,"messageKeys":{}}}}},"version":"v1"}