{"_sessions":{"BWqpsOvgh56yLFyjYpAuoi46GN/ORbj7677ABIL0Ulkr":{"registrationId":295956274,"currentRatchet":{"ephemeralKeyPair":{"pubKey":"Be3fbh9bgEy95NZHsiU2h4ns/oW9+gLEMdHSc4au+5gG","privKey":"yAi+rr/ajiOOlGuBlAisn4S1Lr9TzDUCmaALx/7/818="},"lastRemoteEphemeralKey":"BZJdZnM9CVykdZ8bB5kmDVdXjnu86Fc4hHxZsO4tZyYB","previousCounter":0,"rootKey":"BrJ16vmGa0cHNXlOmM4PZi/jGDGeRvZ4mbAhTxq7yi0="},"indexInfo":{"baseKey":"BWqpsOvgh56yLFyjYpAuoi46GN/ORbj7677ABIL0Ulkr","baseKeyType":2,"closed":-1,"used":1724274945854,"created":1724274945854,"remoteIdentityKey":"BaPABFUbo+w5lQOyQgB3L+eEGlWWA/eknUA4BknPtxRW"},"_chains":{"BZJdZnM9CVykdZ8bB5kmDVdXjnu86Fc4hHxZsO4tZyYB":{"chainKey":{"counter":0,"key":"JMWyzXdUTyQ0V0QA9a8C+tgY3ox0XWBDqYaB7yqm7YI="},"chainType":2,"messageKeys":{}},"Be3fbh9bgEy95NZHsiU2h4ns/oW9+gLEMdHSc4au+5gG":{"chainKey":{"counter":-1,"key":"l55dkVuRn40AiPWZx72Dpj0T0OmWMJ05dEARrpM4KLc="},"chainType":1,"messageKeys":{}}}}},"version":"v1"}