{"_sessions":{"BQcxWAZ3IjyueNHa6r+i+d58PqjvqbfqASUHvczfrD5I":{"registrationId":1747978422,"currentRatchet":{"ephemeralKeyPair":{"pubKey":"BcAjmLlcTUM+LobZRw92KhdV22TI2n3fKxRCjaWeMkFa","privKey":"uIORQfjXEIKOyAnZoOsYDYR5N5yySxu9NFwbNwit5Fc="},"lastRemoteEphemeralKey":"BcxaspEAsy0AS1MDIB4r175BvYEoWtN51nMXJjHlX8du","previousCounter":0,"rootKey":"1hIG0bV9ss20pbY28mHtz43JXXZ+hmOas/PnhPr9A4A="},"indexInfo":{"baseKey":"BQcxWAZ3IjyueNHa6r+i+d58PqjvqbfqASUHvczfrD5I","baseKeyType":2,"closed":-1,"used":1724278294136,"created":1724278294136,"remoteIdentityKey":"BeXQl975MpoBEnEXX2taGWc8yR0JbRfW2xmAQjkfT9Ex"},"_chains":{"BcxaspEAsy0AS1MDIB4r175BvYEoWtN51nMXJjHlX8du":{"chainKey":{"counter":1,"key":"Fe8Z9B04alfCx2EUGHvWqX9Sqi4O8g4ltwnXriahh7w="},"chainType":2,"messageKeys":{}},"BcAjmLlcTUM+LobZRw92KhdV22TI2n3fKxRCjaWeMkFa":{"chainKey":{"counter":-1,"key":"eKRrKwQNBr9Xk32rI1E5mw3P8VX84YBqAjzgoiMI+e8="},"chainType":1,"messageKeys":{}}}}},"version":"v1"}