{"_sessions":{"BW2KdDcvZbrtL0s654w9v8+lwzj3M1dEVOQWqQ17KLd4":{"registrationId":1076513410,"currentRatchet":{"ephemeralKeyPair":{"pubKey":"BUHK0VzS94Cht2AjDXG0qDhj57QBf8phlpq1qsDmQWMG","privKey":"4F+7bIWIcxW8FDDuVxPYLopVLAVQYJ577N7uEBQ2skc="},"lastRemoteEphemeralKey":"BQRd0ERusgbFD7k3DwC7oLGFRDUikMBO6DchC0HVemEn","previousCounter":0,"rootKey":"rx7KeBzIwmEdyyzZ710BjpzkWcyjXhJyrjOJSVzT9Z0="},"indexInfo":{"baseKey":"BW2KdDcvZbrtL0s654w9v8+lwzj3M1dEVOQWqQ17KLd4","baseKeyType":2,"closed":-1,"used":1724273137664,"created":1724273137664,"remoteIdentityKey":"BbdQfVVi+ck/LFyrYqFdNuHCqy7koPcxYZ5SNbRHhnF1"},"_chains":{"BQRd0ERusgbFD7k3DwC7oLGFRDUikMBO6DchC0HVemEn":{"chainKey":{"counter":4,"key":"9jFmzHen3/ldxGkIxcreYnpuhqV/x6cu2bt2sKVesbs="},"chainType":2,"messageKeys":{}},"BUHK0VzS94Cht2AjDXG0qDhj57QBf8phlpq1qsDmQWMG":{"chainKey":{"counter":-1,"key":"Ou01iPOC53RmF9U16vvBySOefy3rDQ2lJtEguedi+WA="},"chainType":1,"messageKeys":{}}}}},"version":"v1"}