{"_sessions":{"BRULd6+pfugZfjKqiLXuunsyC91013vQttGCCUIPtmkS":{"registrationId":2090300979,"currentRatchet":{"ephemeralKeyPair":{"pubKey":"BefGnaaQF1u7ch8aTHdVqS/CjMA2HqxyabdZGL5K8LdZ","privKey":"GKzEcdqJSTURXKfO2AJC+YavRvvfHfPJ6nHQgQf4lUY="},"lastRemoteEphemeralKey":"BdlVj/hZ1zQzlYv24wfKZ+C+qwFHivaqlflEOmQ+Ankj","previousCounter":0,"rootKey":"6bMmL/YZ2eEF806aKtpFN1QducJLC982H9fdxWYdwwY="},"indexInfo":{"baseKey":"BRULd6+pfugZfjKqiLXuunsyC91013vQttGCCUIPtmkS","baseKeyType":2,"closed":-1,"used":1724273138068,"created":1724273138068,"remoteIdentityKey":"BTDBC9dysKxqfIjahAO36O2koWbKpkW0cJDV9jfyg3lR"},"_chains":{"BdlVj/hZ1zQzlYv24wfKZ+C+qwFHivaqlflEOmQ+Ankj":{"chainKey":{"counter":4,"key":"VTU3VcKk6jKuRwEipsuOLdOAe/vonHcJKq03IR04uRg="},"chainType":2,"messageKeys":{}},"BefGnaaQF1u7ch8aTHdVqS/CjMA2HqxyabdZGL5K8LdZ":{"chainKey":{"counter":-1,"key":"aOPEPqubgZL66+lQiBD2EaS1Tzz9I5co/xGaLGV+l94="},"chainType":1,"messageKeys":{}}}}},"version":"v1"}