{"_sessions":{"BX5MNzcWANIMXvncKFVzKCpkuJ9VLJvuwqnZCNXKVEly":{"registrationId":1441557740,"currentRatchet":{"ephemeralKeyPair":{"pubKey":"BS7oi6GGBzmHbsF4x9O+kvPve37+1Y/a7r0AiDnI29N8","privKey":"MLiXFNxyYet5ClwMDoNQYWggrsVbOXq1Re/ZM25fAm0="},"lastRemoteEphemeralKey":"BZtMKFw2IxxvYpC+VM8Ok1Wzu/JjOiJF62Icr3Xy7XAQ","previousCounter":0,"rootKey":"Kxegpf0LEfcqEb9FfjH6EFImU+EYOMinn+cWiD4PqfU="},"indexInfo":{"baseKey":"BX5MNzcWANIMXvncKFVzKCpkuJ9VLJvuwqnZCNXKVEly","baseKeyType":2,"closed":-1,"used":1724292642516,"created":1724292642516,"remoteIdentityKey":"BYvQaumS+5+lSpGFK1b3dVlgm6pgQfCfC0dLg+yasmQZ"},"_chains":{"BZtMKFw2IxxvYpC+VM8Ok1Wzu/JjOiJF62Icr3Xy7XAQ":{"chainKey":{"counter":0,"key":"hM7lfaeC5BDbABB4+PnOrgLqddEenkpMygCYtX/D7hE="},"chainType":2,"messageKeys":{}},"BS7oi6GGBzmHbsF4x9O+kvPve37+1Y/a7r0AiDnI29N8":{"chainKey":{"counter":-1,"key":"DJhuB81mqBITNFDMPH//h4mwRp09jf4Y4znDhtVovRI="},"chainType":1,"messageKeys":{}}}}},"version":"v1"}