{"_sessions":{"BVDB7kaHpVQbGd34gBf3Kqyz+0uA/5rXjH+mMWc18Uo5":{"registrationId":1150811512,"currentRatchet":{"ephemeralKeyPair":{"pubKey":"BfhfXVXNy/R6nD4Yw6ShpnHT1EkhdYEvG6YcvhmDXzIX","privKey":"OD9VDTSwzSmtwZMUZemsf9NuZbAVQCu4kmP61aRBylY="},"lastRemoteEphemeralKey":"BbE23cavO4lKVyOiEK1/toC/fr//obt/qJbqnxHKIaNM","previousCounter":0,"rootKey":"fStsbuiaVs6uGB8tMIOeqyknOB+Knk9a76mugPuAgCo="},"indexInfo":{"baseKey":"BVDB7kaHpVQbGd34gBf3Kqyz+0uA/5rXjH+mMWc18Uo5","baseKeyType":2,"closed":-1,"used":1724292646612,"created":1724292646612,"remoteIdentityKey":"Bdam5ggAvgLTz5j4rhaG1Sid7R7Qaejev5uZ2Y1f7pV3"},"_chains":{"BbE23cavO4lKVyOiEK1/toC/fr//obt/qJbqnxHKIaNM":{"chainKey":{"counter":0,"key":"vSgMMnk15oTcKvlU9j1sijjS1qB6gBi9Qk/NlQtHT84="},"chainType":2,"messageKeys":{}},"BfhfXVXNy/R6nD4Yw6ShpnHT1EkhdYEvG6YcvhmDXzIX":{"chainKey":{"counter":-1,"key":"foBToLnQk12Bnq9gKAvOsiDfA0d2yIlGx2XwHE4QUZc="},"chainType":1,"messageKeys":{}}}}},"version":"v1"}