{"_sessions":{"BVahxIPIOBPaHf38QK99f7fzL2TmPyIH51itmUWY91wQ":{"registrationId":741434966,"currentRatchet":{"ephemeralKeyPair":{"pubKey":"BUbT7qk4mTGly+ZRJIAGLPd2Pi4YQIr7QCy3QR1c7Rln","privKey":"yB4XcJdrZnNk58IFF82shxjLVGoasyJsnOLzw4Z7QXg="},"lastRemoteEphemeralKey":"BRVBzVKuNKBMf1kZu7sXdta1ceshPzmpWceDGY6FmvRP","previousCounter":0,"rootKey":"WP1Bkl1Bmv9sn+AFfYLRiL/tmfH1/DdrkykYE24m69k="},"indexInfo":{"baseKey":"BVahxIPIOBPaHf38QK99f7fzL2TmPyIH51itmUWY91wQ","baseKeyType":2,"closed":-1,"used":1724273274579,"created":1724273274579,"remoteIdentityKey":"BTnZB0mAb4rugZM1jfT0zr7bCeobWfXTzVHlEawt/qBZ"},"_chains":{"BRVBzVKuNKBMf1kZu7sXdta1ceshPzmpWceDGY6FmvRP":{"chainKey":{"counter":0,"key":"grt2+2cyb2igbH1A3Jttqnzt6h+XKUY838WcAKkQK90="},"chainType":2,"messageKeys":{}},"BUbT7qk4mTGly+ZRJIAGLPd2Pi4YQIr7QCy3QR1c7Rln":{"chainKey":{"counter":-1,"key":"I9de2aem456e0rZ7/5veGragZ2mPUOrFrSYY6Q+xlBQ="},"chainType":1,"messageKeys":{}}}}},"version":"v1"}