{"_sessions":{"BSRlsQcOifN4NITs32t1/YGHdp5nqaWARQehkSBlZOdd":{"registrationId":1085694438,"currentRatchet":{"ephemeralKeyPair":{"pubKey":"BRA9AxM53VebPWXsAWPmYzALqKgZxSbDBml2vDOp2Zc+","privKey":"2Eg+Y/gbHuGhUgHzGZ/xBpHX8L2Wb/UwekR5KmO3P0o="},"lastRemoteEphemeralKey":"BYnGXWgbdENW+mbw/Zpw2Frtq7LbuJ6aMdFVMLq8NAZG","previousCounter":0,"rootKey":"kqU4MnM7l3A2BH15X4q3xN1fNfCEQRhoKLfuAuI05iY="},"indexInfo":{"baseKey":"BSRlsQcOifN4NITs32t1/YGHdp5nqaWARQehkSBlZOdd","baseKeyType":2,"closed":-1,"used":1724292648613,"created":1724292648613,"remoteIdentityKey":"BVSUE1O0hLVGbaSK1YMt3RzAL+wpXDWOarvBvL+GyeVQ"},"_chains":{"BYnGXWgbdENW+mbw/Zpw2Frtq7LbuJ6aMdFVMLq8NAZG":{"chainKey":{"counter":0,"key":"eFDUbKFkmfkQBWHPwXmLiEeNXWl3GAQDp5WcxQruZHI="},"chainType":2,"messageKeys":{}},"BRA9AxM53VebPWXsAWPmYzALqKgZxSbDBml2vDOp2Zc+":{"chainKey":{"counter":-1,"key":"nL9ISCYsR8+tt+0y5QQ+607VyagyM4Ct7WbMHOocMoQ="},"chainType":1,"messageKeys":{}}}}},"version":"v1"}