{"_sessions":{"BSRa/tjHopayr4jxVgmeTlisIuAtu3NIb6yO61ZwAi44":{"registrationId":1271517498,"currentRatchet":{"ephemeralKeyPair":{"pubKey":"BUuQ5VdZjnFoL4NF79o4esmbc4HmsiUn4lXOdGH09Yxu","privKey":"+PEKiul5/z51au7pS7wc8YwsYBum70hJYnJvVhAAqng="},"lastRemoteEphemeralKey":"BW3crKoDioARaRi3zH0L0HV4psfR/A56Gb4IcVmiaRNu","previousCounter":0,"rootKey":"aTS3ecXf39RUpp4wHY4HbtS9E9w2rlJ43ZehxlS34OE="},"indexInfo":{"baseKey":"BSRa/tjHopayr4jxVgmeTlisIuAtu3NIb6yO61ZwAi44","baseKeyType":2,"closed":-1,"used":1724276030973,"created":1724276030973,"remoteIdentityKey":"BfYOW2ea84zOyISxLbQnTil6vzDAmhCSFX9C7WAjWps2"},"_chains":{"BW3crKoDioARaRi3zH0L0HV4psfR/A56Gb4IcVmiaRNu":{"chainKey":{"counter":1,"key":"WYh1flrJuG6EiCUIH/v0wT2qd3flYBoOrraLLn4T8NE="},"chainType":2,"messageKeys":{}},"BUuQ5VdZjnFoL4NF79o4esmbc4HmsiUn4lXOdGH09Yxu":{"chainKey":{"counter":-1,"key":"HFzVXx2GVYszCX+T+otVD6AGWQ5XtlGnJlxa6tDTio0="},"chainType":1,"messageKeys":{}}}}},"version":"v1"}