{"_sessions":{"BSO/j+uiggRZEP+U9Uoq8Mmv92o/l7kkLjxaVmkAXn94":{"registrationId":36448910,"currentRatchet":{"ephemeralKeyPair":{"pubKey":"BfoTMxl929FjSsttspsca/0Yg8R5n34rOG0JRMBoeMw9","privKey":"uKyrJS71WY8rGouC3NxZdo7rZUiXLXeWrMVqI9oChUs="},"lastRemoteEphemeralKey":"BdpLUX1x+eo01RtaWomKvCEJKqZBDmuW1jfvLCVssK1m","previousCounter":0,"rootKey":"cnKZEtZEPn6O3sVNyfpRshbDUDWSr7vlwFVarFoZx/s="},"indexInfo":{"baseKey":"BSO/j+uiggRZEP+U9Uoq8Mmv92o/l7kkLjxaVmkAXn94","baseKeyType":2,"closed":-1,"used":1724279694844,"created":1724279694844,"remoteIdentityKey":"BYdcDI9YiJDfFw2qJ4uoDRrV/Elgypxd3P+o3m29qOJz"},"_chains":{"BdpLUX1x+eo01RtaWomKvCEJKqZBDmuW1jfvLCVssK1m":{"chainKey":{"counter":0,"key":"W52YQoWF0JwqGpdUu7dhzOeE5iJ+hPBF5G+6o3OCZkk="},"chainType":2,"messageKeys":{}},"BfoTMxl929FjSsttspsca/0Yg8R5n34rOG0JRMBoeMw9":{"chainKey":{"counter":-1,"key":"Jgzi5k8Ee3U+rCiAyEdFTPHUTn/lRiMh7B4IseWE6Ak="},"chainType":1,"messageKeys":{}}}}},"version":"v1"}