{"_sessions":{"BZC+gh62vJKIoqA/KNBFNaRL/D1nDI3V+uykg/cjQz5z":{"registrationId":43982112,"currentRatchet":{"ephemeralKeyPair":{"pubKey":"BU4IMDDND9d2ST1vlLZTi3xHAVRhVDjTMI98DrU9ytcs","privKey":"uEXkBmF9sOltNrcgu2MlmJXm2jzzVGr/vtFS/4zlIHI="},"lastRemoteEphemeralKey":"BTI81t0XP2e6pqb1OwerYblNgkEktnMdruwoytCsRToy","previousCounter":0,"rootKey":"2f0Fr+juXW+QgBixNeEl9gaDn6440Q2N7ieVIcSs/k0="},"indexInfo":{"baseKey":"BZC+gh62vJKIoqA/KNBFNaRL/D1nDI3V+uykg/cjQz5z","baseKeyType":2,"closed":-1,"used":1724292648506,"created":1724292648506,"remoteIdentityKey":"BfMOPx+PBHqXJiU4zTlSEs9KhJfT5ngEIlJzySSCNP8Z"},"_chains":{"BTI81t0XP2e6pqb1OwerYblNgkEktnMdruwoytCsRToy":{"chainKey":{"counter":0,"key":"U4ihzqU6wAYT6j9nT9QNljtL1Z1M4vYBXS1UFW8w330="},"chainType":2,"messageKeys":{}},"BU4IMDDND9d2ST1vlLZTi3xHAVRhVDjTMI98DrU9ytcs":{"chainKey":{"counter":-1,"key":"d+binsw1ZN9KPafl+Q0hzKiBQpfq96jRJvQsEENv2Q8="},"chainType":1,"messageKeys":{}}}}},"version":"v1"}