{"_sessions":{"BTvCISQiB6ZyFzbAWHw65oMqp/8JjVHncVcMljzzgqxF":{"registrationId":1240906759,"currentRatchet":{"ephemeralKeyPair":{"pubKey":"BUM6ki4gj+9yxMDCzMCLYu3Vx0r4gP40o+jFbZQGADV5","privKey":"YFjiGpwe4S4A8KHAU3ZjCJ9DlYVb5CdQEvcwIjfQ/Go="},"lastRemoteEphemeralKey":"BSEVXlh+76Ziu/kCREpMG6q3qzY5CQlsLtAK+WZz/qlp","previousCounter":0,"rootKey":"oUWcyzoMTr/zWCC7Ekn+07NOFZeFJuLAXLTTh42DbqY="},"indexInfo":{"baseKey":"BTvCISQiB6ZyFzbAWHw65oMqp/8JjVHncVcMljzzgqxF","baseKeyType":2,"closed":-1,"used":1724274805781,"created":1724274805781,"remoteIdentityKey":"BW8AGpjiWIDbvjwzN6onwrl4FVAXtum4dHdbceYuSaZS"},"_chains":{"BSEVXlh+76Ziu/kCREpMG6q3qzY5CQlsLtAK+WZz/qlp":{"chainKey":{"counter":0,"key":"dHezPLtN0GPhZNpogi/8UPu09F96U7t3U1axwm765RQ="},"chainType":2,"messageKeys":{}},"BUM6ki4gj+9yxMDCzMCLYu3Vx0r4gP40o+jFbZQGADV5":{"chainKey":{"counter":-1,"key":"ulmLWE3zaw00k5XJAKKcTG6nLCT1O1a9PFAnAujQXX4="},"chainType":1,"messageKeys":{}}}}},"version":"v1"}