{"_sessions":{"Bde/cH59SFK1nletWhIp+EVsJ9goFHMYbQdAigKC9851":{"registrationId":225947317,"currentRatchet":{"ephemeralKeyPair":{"pubKey":"Ba8UCw+DQNXkdJyIwNGlQw+8NdxmZ6q459Hem/wX0XYP","privKey":"2IjWWZDKsGAvKQabir4DEg2R1ZAOVd/bYw73EhhEemI="},"lastRemoteEphemeralKey":"BVvWj5O3362qjD40v/86t9tl/iEBUhtPtgzvgaEBlyQ1","previousCounter":0,"rootKey":"rUKHa18Bo3ZZx55xRsW0/BJuNbP5pqkz5pVGUuwyqBI="},"indexInfo":{"baseKey":"Bde/cH59SFK1nletWhIp+EVsJ9goFHMYbQdAigKC9851","baseKeyType":2,"closed":-1,"used":1724279422323,"created":1724279422323,"remoteIdentityKey":"BbZqOhPGDH30nSKA+tj0x4K1+uJZ3GfktkgjtpUHkCFA"},"_chains":{"BVvWj5O3362qjD40v/86t9tl/iEBUhtPtgzvgaEBlyQ1":{"chainKey":{"counter":0,"key":"3ymtJghZ+WDZT/RzoHMG+Z1w9hj0EJYpNIP1MvdQvHs="},"chainType":2,"messageKeys":{}},"Ba8UCw+DQNXkdJyIwNGlQw+8NdxmZ6q459Hem/wX0XYP":{"chainKey":{"counter":-1,"key":"iZcj14CHu1VStiZazPExk5BsardReqhcFjbKGb7/0t0="},"chainType":1,"messageKeys":{}}}}},"version":"v1"}