{"_sessions":{"BbtaKkKP4JELx/QJ59GASjhP7z9hd4kHTQ+rIJpVrNQE":{"registrationId":564076406,"currentRatchet":{"ephemeralKeyPair":{"pubKey":"BcuM8eM/gbepKVEaNwiqqMMnkI0ClFGPX+5FzyndfLIC","privKey":"UK0H0nniAQkOw4Ik04lF/cFWPfnNlfpwzRnvFH482VI="},"lastRemoteEphemeralKey":"BRKCzp5zrgfA2nQ3b3sxfvJtsvPBbUVSRixpmgQ5PaJj","previousCounter":0,"rootKey":"wLjYiryAbM5lb+6vGTdNFCs4uFvepPugZF0ZysK3liE="},"indexInfo":{"baseKey":"BbtaKkKP4JELx/QJ59GASjhP7z9hd4kHTQ+rIJpVrNQE","baseKeyType":2,"closed":-1,"used":1724275727514,"created":1724275727514,"remoteIdentityKey":"BSnQRJ256fW2iaz2LKMPmUyb4WKytGes5fgUYfZY0AAp"},"_chains":{"BRKCzp5zrgfA2nQ3b3sxfvJtsvPBbUVSRixpmgQ5PaJj":{"chainKey":{"counter":1,"key":"wGNef63t29fI/fYBErLdOOcxhNJ1779HCRsBUbPtp+s="},"chainType":2,"messageKeys":{}},"BcuM8eM/gbepKVEaNwiqqMMnkI0ClFGPX+5FzyndfLIC":{"chainKey":{"counter":-1,"key":"hjNh9Naaspx4hhxlYUR93/6oIEDXICCaS8wicCh/xqA="},"chainType":1,"messageKeys":{}}}}},"version":"v1"}