{"_sessions":{"BbjicOzDIlkwEiAyg6WCX9vWoBtA6/Jo+IXkiONyGIYp":{"registrationId":1949880641,"currentRatchet":{"ephemeralKeyPair":{"pubKey":"BYQHBACr5X/MMFCZ4IVnSzEwAnPub+7KAyoTzTfEK2t1","privKey":"WMYGaC1cbvY7z1De+ekrGaljjkpHs7813oobsxGgv28="},"lastRemoteEphemeralKey":"BQbXd692OmpDoYeJTqZ+ZmPRuecLv7mA20VscvnCJP5j","previousCounter":0,"rootKey":"tiZilQUDvHWmUliRy8gTLKdJI+ZEvv6j9dH/xHH71Jw="},"indexInfo":{"baseKey":"BbjicOzDIlkwEiAyg6WCX9vWoBtA6/Jo+IXkiONyGIYp","baseKeyType":2,"closed":-1,"used":1724276030762,"created":1724276030762,"remoteIdentityKey":"BaF9Q3mtOBsviQOoFmYgpGvhp1xZc1mKvhlpPRAzgM0X"},"_chains":{"BQbXd692OmpDoYeJTqZ+ZmPRuecLv7mA20VscvnCJP5j":{"chainKey":{"counter":1,"key":"1wFnZD0FFIDXRutUpemsGWZQ767O5qdGnz1RX0qbuD4="},"chainType":2,"messageKeys":{"0":"nqHfE+WfhJxGvnBg3jbWmXZoE6OnNjlQt8DMdCzOK9s="}},"BYQHBACr5X/MMFCZ4IVnSzEwAnPub+7KAyoTzTfEK2t1":{"chainKey":{"counter":-1,"key":"zZkmcxZs1CNJqNWEt8evdWAFkTCknTwW+PQ35SmkPKs="},"chainType":1,"messageKeys":{}}}}},"version":"v1"}