{"_sessions":{"Bbnn9QvTIDbo3ijbrTdo5ORJPMgEHZJsCvywRE6f8q0a":{"registrationId":1146690742,"currentRatchet":{"ephemeralKeyPair":{"pubKey":"BZb283v7l7Zcd+VHmtrgEyTTmxYIjdJIop4+sqgHGcVZ","privKey":"wOlsgqw2YsaJMW34K/oXobGC2zwVu3nKO0xJD+NjjWI="},"lastRemoteEphemeralKey":"BeftOEwU9sk4emyF2BeGIWcBS30NU7Eg0nWpXJoOe1sy","previousCounter":0,"rootKey":"3GNVjcX3XBerV22rk2l4UEYb+ecU48nhXIKjIWKfSTo="},"indexInfo":{"baseKey":"Bbnn9QvTIDbo3ijbrTdo5ORJPMgEHZJsCvywRE6f8q0a","baseKeyType":2,"closed":-1,"used":1724280382160,"created":1724280382160,"remoteIdentityKey":"BfR2dmnrgGOVnXgCsgLHl2T1zKNxJ2FYEEXE0DulTw12"},"_chains":{"BeftOEwU9sk4emyF2BeGIWcBS30NU7Eg0nWpXJoOe1sy":{"chainKey":{"counter":8,"key":"X70AlsMbxoP9xRAFI6htGorgomIEkdCA7BhPg9UI1pY="},"chainType":2,"messageKeys":{}},"BZb283v7l7Zcd+VHmtrgEyTTmxYIjdJIop4+sqgHGcVZ":{"chainKey":{"counter":-1,"key":"xhJSwBAlfyE/AnyKkEtQHFtq08Hql559iAZpAMFQSA8="},"chainType":1,"messageKeys":{}}}}},"version":"v1"}