{"_sessions":{"BT3h5IMZ3YXO877rtwtjrtOD8IS5xyy5biDJly+T0upj":{"registrationId":344187563,"currentRatchet":{"ephemeralKeyPair":{"pubKey":"BT87ktvS9W3Pcfty+ySbik0Ld8U2/yFc+D6eGq3rSeQ0","privKey":"qHmIqheetbPnEHDpbtJlJ3jaqpKjTihbv+cOMFC1nGc="},"lastRemoteEphemeralKey":"Bd7ZxZJIPdMqShFt2gNE5ZvOPVs7UZmvBIevD0KXkCAw","previousCounter":0,"rootKey":"1nDlM8HaNorVjnLPInSl2q4R6SMpozNjwaqNsW1DWIg="},"indexInfo":{"baseKey":"BT3h5IMZ3YXO877rtwtjrtOD8IS5xyy5biDJly+T0upj","baseKeyType":2,"closed":-1,"used":1724292643514,"created":1724292643514,"remoteIdentityKey":"BU1ZG5xHu+STlzBcDKRmbpQ7IGvcGqLOnm0HiSRp0QE8"},"_chains":{"Bd7ZxZJIPdMqShFt2gNE5ZvOPVs7UZmvBIevD0KXkCAw":{"chainKey":{"counter":0,"key":"pgSgmqdDEIAfKNgkCZQ4FqHaifX1oSd+MQ7xbjXw9rg="},"chainType":2,"messageKeys":{}},"BT87ktvS9W3Pcfty+ySbik0Ld8U2/yFc+D6eGq3rSeQ0":{"chainKey":{"counter":-1,"key":"GMmC5j3wTj4r3JsYj2Kdp0xP4Hw9dwksmrfor4NbfW8="},"chainType":1,"messageKeys":{}}}}},"version":"v1"}