{"_sessions":{"BfcHw2uPIDSiWm4Uz0hqglijA8dUEBocUBLP763AD353":{"registrationId":144686929,"currentRatchet":{"ephemeralKeyPair":{"pubKey":"BWdsWQ8DqkP2lHZIzsIiu5U3lyOIF9vMnFRTdbPWHTsX","privKey":"mLalD1rTDhguffBpE3zZCCL4QBUU+yEQH+DXvOVEzEI="},"lastRemoteEphemeralKey":"BeO1jctAn193IGOyDazGuqgxuVGSb02k8ebIsgfLwE9h","previousCounter":0,"rootKey":"gIAkYaGnlxOaeE3h88vhLyEamFjzhSf6YXlgryrl5vU="},"indexInfo":{"baseKey":"BfcHw2uPIDSiWm4Uz0hqglijA8dUEBocUBLP763AD353","baseKeyType":2,"closed":-1,"used":1724274233956,"created":1724274233956,"remoteIdentityKey":"BXKPg7jH5L8DX2jf4OAknH63F8sEp/4gWWRG6rSkrSkC"},"_chains":{"BeO1jctAn193IGOyDazGuqgxuVGSb02k8ebIsgfLwE9h":{"chainKey":{"counter":0,"key":"IPnQeja1Zg9aj1bR/SNMjm1x6ZQE7JD5hh6JhmQBmms="},"chainType":2,"messageKeys":{}},"BWdsWQ8DqkP2lHZIzsIiu5U3lyOIF9vMnFRTdbPWHTsX":{"chainKey":{"counter":-1,"key":"O/Gq1cdrTzBdnKBFkaThx9pEqLd4QMk4Aobgh9e456M="},"chainType":1,"messageKeys":{}}}}},"version":"v1"}