{"_sessions":{"BYtx8civeGFyirWEgo5H8SiYpGJSCV6FL3MDwSN5awgE":{"registrationId":662600204,"currentRatchet":{"ephemeralKeyPair":{"pubKey":"BXuuQ5d9qdbOKkBLOJHdBDCpYJmyp+0auxFR0V1DqgBI","privKey":"IBZvjbMYcnV/2Y7Vn+K36qxnFBqoYS+iZYRa1W5k/V4="},"lastRemoteEphemeralKey":"BfV8mvnhl0acjsNFgvDra1jdOcLOc/ldxcp6zRY6dLVj","previousCounter":0,"rootKey":"JPTL8xuQMYWnVedfviahhFECU46SO04xI8WsiABM7YA="},"indexInfo":{"baseKey":"BYtx8civeGFyirWEgo5H8SiYpGJSCV6FL3MDwSN5awgE","baseKeyType":2,"closed":-1,"used":1724292645245,"created":1724292645245,"remoteIdentityKey":"BdGTUgcBsFGLjELnvC2sdV87hXuorIIPDO6fZWJhdl0/"},"_chains":{"BfV8mvnhl0acjsNFgvDra1jdOcLOc/ldxcp6zRY6dLVj":{"chainKey":{"counter":0,"key":"Z5/2hscTzHf9RmDQJaxAQ9EZ8jLvqYlNk7pzOt/roEg="},"chainType":2,"messageKeys":{}},"BXuuQ5d9qdbOKkBLOJHdBDCpYJmyp+0auxFR0V1DqgBI":{"chainKey":{"counter":-1,"key":"nF1Rn/B9Z/ObclN3XvEyLAkTgHvVInLQisDzmfSH2Ns="},"chainType":1,"messageKeys":{}}}}},"version":"v1"}