{"_sessions":{"BQuVi6C3/ayXBpbhVBFzgQoB0SaZG3Gp9nVwmOb4Ofh3":{"registrationId":1149974102,"currentRatchet":{"ephemeralKeyPair":{"pubKey":"BXNaVdSiWdmgatqXn1njkHpoolSdV8Vk5xeKeU+uzEFM","privKey":"KMsl2RfNotpopTYobVo1hCL60uHjQAto0RgaA7ldynU="},"lastRemoteEphemeralKey":"BXBVfTf2AFKSKYuozXCAIfcWA6KEPvYMv7McpAYjvyQK","previousCounter":0,"rootKey":"PmBSwAnWJM66c9MpMihtvbD0fAq5lU6k170VLOOB83o="},"indexInfo":{"baseKey":"BQuVi6C3/ayXBpbhVBFzgQoB0SaZG3Gp9nVwmOb4Ofh3","baseKeyType":2,"closed":-1,"used":1724292636655,"created":1724292636655,"remoteIdentityKey":"BVChRumogIAUV1iETlOEvFfUs2wUhVsoZ+dKcfwdAJIq"},"_chains":{"BXBVfTf2AFKSKYuozXCAIfcWA6KEPvYMv7McpAYjvyQK":{"chainKey":{"counter":0,"key":"14IS2PMq0uci8cjJOVupBuC1ClMKqTWjtGH8+ioqSwM="},"chainType":2,"messageKeys":{}},"BXNaVdSiWdmgatqXn1njkHpoolSdV8Vk5xeKeU+uzEFM":{"chainKey":{"counter":-1,"key":"0nw732oisZlQr/ime0TjDs0PclzWaJ35mlI5rejFhhs="},"chainType":1,"messageKeys":{}}}}},"version":"v1"}