{"_sessions":{"BUtY54bZby6cyR5ul4LQ2uXTCrcHIoubnZfIhyVqXnML":{"registrationId":1440771783,"currentRatchet":{"ephemeralKeyPair":{"pubKey":"BXILkUropyj5Sc1Nq279fdp6E1dLSN+Px7/U2KE5Xqpk","privKey":"KIXp3kLsQJeprlK32ZT5W6dli/7WSh6zJxDYE92GCmA="},"lastRemoteEphemeralKey":"Bf4QqImBh2Ytc2525mubwvC2ivS4qMHZFmuSK7uj2ZIm","previousCounter":0,"rootKey":"jp/KXSAOQ1HoxdiIA8HecnlqJ3tfJ7zH8GnXhos9r84="},"indexInfo":{"baseKey":"BUtY54bZby6cyR5ul4LQ2uXTCrcHIoubnZfIhyVqXnML","baseKeyType":2,"closed":-1,"used":1724292644603,"created":1724292644603,"remoteIdentityKey":"BekCKSSUnjZralaGpcMeSc/uWoUUMohc07d1W7BUjnIi"},"_chains":{"Bf4QqImBh2Ytc2525mubwvC2ivS4qMHZFmuSK7uj2ZIm":{"chainKey":{"counter":0,"key":"O3+BEpzvLxLlajl+EjI/I84fvnwuRMS8Nbk6dNG9V3A="},"chainType":2,"messageKeys":{}},"BXILkUropyj5Sc1Nq279fdp6E1dLSN+Px7/U2KE5Xqpk":{"chainKey":{"counter":-1,"key":"ErUYe0FPx9LNlmf4lueForVs72KvGvlSRtXqhAneHXE="},"chainType":1,"messageKeys":{}}}}},"version":"v1"}