{"_sessions":{"BRWuCGa6DhvcAGZRk4C3JXsZFkUAEaSRUgZy+jO0qe9i":{"registrationId":1447641451,"currentRatchet":{"ephemeralKeyPair":{"pubKey":"BQXV59pvG3/hM/pnfoUCW+OyO/BYp6avusdIm8tftJ1Q","privKey":"AMZoatwbJ71d6GrNS6/j57zh/AJ6ZUSx00EPn5hIUHI="},"lastRemoteEphemeralKey":"BSO7dhPb6h7993Fvphu2oc3QWFiTTeT1NCXCVrc6cNo5","previousCounter":0,"rootKey":"4OBIYlVojqr0tunWsM87FMx66LzH5BDrkNbGJk7qK7A="},"indexInfo":{"baseKey":"BRWuCGa6DhvcAGZRk4C3JXsZFkUAEaSRUgZy+jO0qe9i","baseKeyType":2,"closed":-1,"used":1724279115314,"created":1724279115314,"remoteIdentityKey":"BQbf3re7cOxc2ThL28bLlZFjcfK0uNDWelTcvdaaNwEP"},"_chains":{"BSO7dhPb6h7993Fvphu2oc3QWFiTTeT1NCXCVrc6cNo5":{"chainKey":{"counter":0,"key":"N15U5j9mwOlUwNGowZM9OhWLWAt0nA+E9N80Rv4L6to="},"chainType":2,"messageKeys":{}},"BQXV59pvG3/hM/pnfoUCW+OyO/BYp6avusdIm8tftJ1Q":{"chainKey":{"counter":-1,"key":"dcXQWPmTayNImHeP5O5M+TDeW2ySGRUJ2qm7N9j7l+k="},"chainType":1,"messageKeys":{}}}}},"version":"v1"}