{"_sessions":{"BUDncKmVyPmutnQKDULWbKIY0LC43jDl5DwbsvCrMIF8":{"registrationId":1611331288,"currentRatchet":{"ephemeralKeyPair":{"pubKey":"BaVX5iMU5OzKNtIv4ImmmzfOKi+VfC7a/Kfb76yCDHRy","privKey":"gHg/CMYWzhPkBBzjmVH0XCehtH0E5qpwd2e7pDx6g3U="},"lastRemoteEphemeralKey":"BUknNHMU/oasJaOND+L4B4nafUxda23hLXQ9vTqzzC0X","previousCounter":0,"rootKey":"MYlTKNbtt/45WzWY7UjtY8Go7KugJB58wy3lG58bOyc="},"indexInfo":{"baseKey":"BUDncKmVyPmutnQKDULWbKIY0LC43jDl5DwbsvCrMIF8","baseKeyType":2,"closed":-1,"used":1724292638223,"created":1724292638223,"remoteIdentityKey":"Be/d8vDXvWq6oBPJX2JWCBq1JUrISqDYB5HUZGpslYBd"},"_chains":{"BUknNHMU/oasJaOND+L4B4nafUxda23hLXQ9vTqzzC0X":{"chainKey":{"counter":1,"key":"rO/rT8Z2yeZmeDi0RU24MdyXE6wEgYK29MB+DgXyC6M="},"chainType":2,"messageKeys":{}},"BaVX5iMU5OzKNtIv4ImmmzfOKi+VfC7a/Kfb76yCDHRy":{"chainKey":{"counter":-1,"key":"XKPtkYyi0oG1xCSDBUacsLp4gUkxKESOzqczEwRosKI="},"chainType":1,"messageKeys":{}}}}},"version":"v1"}