{"_sessions":{"Bd7WOqky925lKqWYKNjbFRradP+v+Z737hKV5hh4X0N+":{"registrationId":414962954,"currentRatchet":{"ephemeralKeyPair":{"pubKey":"BZpm8B2QIC7RlEwSUkNskWQuuQZ2nwdSuDV3oWtUxY87","privKey":"IAzTCTAn8PovV/GDey2Rp7EzR2+Hhvr0W/BYA3DoimI="},"lastRemoteEphemeralKey":"BRjccVnJXqBzNbJTDpuKQdIZf4j8o1QHvLdyEvbQ49R4","previousCounter":0,"rootKey":"eDaFRnyPJNYj+YYgYSzmpAJHoi8o3jTeOX9ZPvFBHqs="},"indexInfo":{"baseKey":"Bd7WOqky925lKqWYKNjbFRradP+v+Z737hKV5hh4X0N+","baseKeyType":2,"closed":-1,"used":1724273137077,"created":1724273137077,"remoteIdentityKey":"BXOLqwh0u2tsFu5UQtI+Ndz9h/MaFFBxJ1R20gVSblZ6"},"_chains":{"BRjccVnJXqBzNbJTDpuKQdIZf4j8o1QHvLdyEvbQ49R4":{"chainKey":{"counter":1,"key":"MEoR76Eg9aBiNZGUrzt1MHS4630QLxLa1ZhhFFp4j0g="},"chainType":2,"messageKeys":{}},"BZpm8B2QIC7RlEwSUkNskWQuuQZ2nwdSuDV3oWtUxY87":{"chainKey":{"counter":-1,"key":"N+s99YAfcCMc8DCMJVnyIDAedtYX1/4e4ECrcLaAyOs="},"chainType":1,"messageKeys":{}}}}},"version":"v1"}