{"_sessions":{"BR1tlqSpTfhuA/1nYtfOfAqAtrKF9LBlw8AD+sEa4A0D":{"registrationId":1572823483,"currentRatchet":{"ephemeralKeyPair":{"pubKey":"BaYtH4QIro17wLDZ2sGLhQEmBVprRmtftp9GvnIus10Y","privKey":"uNG3MRyC1CNojptfbWMCdPiw9E6wHg6Lct+ai6VmVEA="},"lastRemoteEphemeralKey":"BWKW7YsFKKWHbjQcYUoo9yySkrCm22SlSqSou5TF2UE2","previousCounter":0,"rootKey":"JXdA7z3fZ7RwgVDDV1pcXuVtmNivisExwUli/TnRVgs="},"indexInfo":{"baseKey":"BR1tlqSpTfhuA/1nYtfOfAqAtrKF9LBlw8AD+sEa4A0D","baseKeyType":2,"closed":-1,"used":1724278066587,"created":1724278066587,"remoteIdentityKey":"BdwxtNh6VYGrZSa9diDVPi6y9Ct9zkiFqRUIAd5yKYhe"},"_chains":{"BWKW7YsFKKWHbjQcYUoo9yySkrCm22SlSqSou5TF2UE2":{"chainKey":{"counter":2,"key":"Tsvt3cT9SlYJrHek6cG/4KyxbWczVhIUkaI10R30J28="},"chainType":2,"messageKeys":{}},"BaYtH4QIro17wLDZ2sGLhQEmBVprRmtftp9GvnIus10Y":{"chainKey":{"counter":-1,"key":"NYW6SbO11U/78WMc3jMHPOlXgFDxLBKD2OBkGDtbl+Q="},"chainType":1,"messageKeys":{}}}}},"version":"v1"}