{"_sessions":{"BWJspLntqt7qnhrAVn3+a5hZISfmqwHtwK/WAHWjqcNs":{"registrationId":1365218465,"currentRatchet":{"ephemeralKeyPair":{"pubKey":"BSWN0TrB8RRX5YJOUcVG7fG0E5Wr/qQfEJlybN52zLwE","privKey":"8Br63RuCoSPGgBeTeeb09jNHg7ZSGGJO1EX1Zw5gyl4="},"lastRemoteEphemeralKey":"BTSI/v7PJv1JgD22/9ZF1W8YoxYidzCwTVRo5Qokhnt5","previousCounter":0,"rootKey":"XFzOCEBtqDt7qqihbV8E5+S/yPzdM4bGybx2B2EcQgI="},"indexInfo":{"baseKey":"BWJspLntqt7qnhrAVn3+a5hZISfmqwHtwK/WAHWjqcNs","baseKeyType":2,"closed":-1,"used":1724292644203,"created":1724292644203,"remoteIdentityKey":"BfwkTL7p7BiuOta1I7JAXXYrY7EA1OjKl55PA8CkKXR1"},"_chains":{"BTSI/v7PJv1JgD22/9ZF1W8YoxYidzCwTVRo5Qokhnt5":{"chainKey":{"counter":1,"key":"YpBjaAJx92DiUp+8gslepOgD3kOrQ/PAXlRKpPk9H0w="},"chainType":2,"messageKeys":{}},"BSWN0TrB8RRX5YJOUcVG7fG0E5Wr/qQfEJlybN52zLwE":{"chainKey":{"counter":-1,"key":"f4muHup0O07oYvdDovTpKOxvzype00Q+YEML41+mieM="},"chainType":1,"messageKeys":{}}}}},"version":"v1"}