{"_sessions":{"BVU8uHfB0w5T6R5w4aBywSndSSzjbdfpobv1QAJFMoY9":{"registrationId":38996927,"currentRatchet":{"ephemeralKeyPair":{"pubKey":"BZQJQjvofmjs5ORbB9fIxK9OF0j13iwemgAwAjqu9RhM","privKey":"iG47rWqu/2yGdNv6IBaomwbRoZc70tSFXiOjMgxvKkY="},"lastRemoteEphemeralKey":"BesJytds9xK/EV9iLPnYornu11edLSETCmjgmb5WGeM5","previousCounter":0,"rootKey":"EJLTXMy+e4CgCJNXz/hNHEsGJxlamEvc5wG3ldrNznc="},"indexInfo":{"baseKey":"BVU8uHfB0w5T6R5w4aBywSndSSzjbdfpobv1QAJFMoY9","baseKeyType":2,"closed":-1,"used":1724292650412,"created":1724292650412,"remoteIdentityKey":"BQXjL2zcJ0//24RJwYNWaTAXlayJjohZoTX6HpMOQdlF"},"_chains":{"BesJytds9xK/EV9iLPnYornu11edLSETCmjgmb5WGeM5":{"chainKey":{"counter":0,"key":"hWUkIpubIa3wvR/Ql3DuqhPsekqcnnADhzXeQ5S3msY="},"chainType":2,"messageKeys":{}},"BZQJQjvofmjs5ORbB9fIxK9OF0j13iwemgAwAjqu9RhM":{"chainKey":{"counter":-1,"key":"qUbCzeT5dLgic9tCy9mgpqLEGhL9i4RjBdaJh8jLevo="},"chainType":1,"messageKeys":{}}}}},"version":"v1"}