{"_sessions":{"BXkInMf/kMzwjS2eGIUc7aSKgmktETTFOkEMkAT5lYle":{"registrationId":1390966769,"currentRatchet":{"ephemeralKeyPair":{"pubKey":"BRPPxyciS8Y2zQqPEHROo3cejEaKAdJeZCtZUxXfxwcP","privKey":"YLhoqTCzPxss4fAceI3j0JWF2Z0ZF15Yu0bgUh7ZX20="},"lastRemoteEphemeralKey":"BdK3s+hsYKUzimh94t2FysPaYEktD5b75kIm29QBCO11","previousCounter":0,"rootKey":"Cfd7ALQZ7/x0kHNpNg+cMjrNHletFbX1EsfWZNne520="},"indexInfo":{"baseKey":"BXkInMf/kMzwjS2eGIUc7aSKgmktETTFOkEMkAT5lYle","baseKeyType":2,"closed":-1,"used":1724280024230,"created":1724280024230,"remoteIdentityKey":"BZIhhYK6MfCXMGIcqPMN/ksIoWmrOOFFSggh2ZILRWYh"},"_chains":{"BdK3s+hsYKUzimh94t2FysPaYEktD5b75kIm29QBCO11":{"chainKey":{"counter":0,"key":"pMvKwCS9yfuH7WY4MueD1fKxPRGmsieHEF52IPoHcQE="},"chainType":2,"messageKeys":{}},"BRPPxyciS8Y2zQqPEHROo3cejEaKAdJeZCtZUxXfxwcP":{"chainKey":{"counter":-1,"key":"fAUkja1XqFcwgrTkaMos+ePT3N4ksPkKz4v52u4uEV0="},"chainType":1,"messageKeys":{}}}}},"version":"v1"}