{"_sessions":{"BSDCXHvyrHetkG8j9uaSPnHDOZPKxKvhqM4mDvETYvFh":{"registrationId":1530031811,"currentRatchet":{"ephemeralKeyPair":{"pubKey":"BWCZrUBTcWFRO1Dob2VXslTqsUdUN7KhORGqHwhGVjNM","privKey":"cFkHC8pFS4HJ5iq8JhZZZR3BU8+d5+xtfQDZoTUVV1g="},"lastRemoteEphemeralKey":"BTgYrb5dS5x+/BmRz6oQ3vUX96r81pTO6Llwr6ood9BJ","previousCounter":0,"rootKey":"jELoosMXCmX+BSUNcD6h79HA+w6Ntozeu+OU9DN+EoY="},"indexInfo":{"baseKey":"BSDCXHvyrHetkG8j9uaSPnHDOZPKxKvhqM4mDvETYvFh","baseKeyType":2,"closed":-1,"used":1724278107362,"created":1724278107362,"remoteIdentityKey":"BXkG8hQLdkr+th49VQxQY55QlKxqC05RSTKtOvp56ZEA"},"_chains":{"BTgYrb5dS5x+/BmRz6oQ3vUX96r81pTO6Llwr6ood9BJ":{"chainKey":{"counter":0,"key":"tXzOHPpTFD45U8IMjIkOoz6bHLAGyMrMqbIhB3vQA6w="},"chainType":2,"messageKeys":{}},"BWCZrUBTcWFRO1Dob2VXslTqsUdUN7KhORGqHwhGVjNM":{"chainKey":{"counter":-1,"key":"tKVSG8LahF1gQs9YYcEeD0kytJafo//uD76kO7WFNt4="},"chainType":1,"messageKeys":{}}}}},"version":"v1"}