{"_sessions":{"BUX2hxoFACl/YiEVvzW5ML43xQcBu8rReDRWSIVzFKFQ":{"registrationId":860081306,"currentRatchet":{"ephemeralKeyPair":{"pubKey":"BTwYXN2u1j4InuoS8IHao1syKmUGgTv1v4z6F3U3aX9T","privKey":"MOK85NXDGPYkCraewTs/BxtFYr+37YdTn6PQivRKRnw="},"lastRemoteEphemeralKey":"BbEV1TBksXdPKDxn14tAws4klRwx0Ah3kaAiDVlad60I","previousCounter":0,"rootKey":"4vfWQSpcyicsr+PN7bOrsPyceJsevcH9vUTjlPFs3/I="},"indexInfo":{"baseKey":"BUX2hxoFACl/YiEVvzW5ML43xQcBu8rReDRWSIVzFKFQ","baseKeyType":2,"closed":-1,"used":1724292648905,"created":1724292648905,"remoteIdentityKey":"BQxLxwo2CpFGwDAprjzyoXUT/8/Fpu3m14z/B1OqAMkW"},"_chains":{"BbEV1TBksXdPKDxn14tAws4klRwx0Ah3kaAiDVlad60I":{"chainKey":{"counter":1,"key":"QwTxj+KmtbKbArcQgVKtMJKLT4bt/BYpSvvX211DAz0="},"chainType":2,"messageKeys":{}},"BTwYXN2u1j4InuoS8IHao1syKmUGgTv1v4z6F3U3aX9T":{"chainKey":{"counter":-1,"key":"vlRusO9fV7ou4Wtic+ipnYNxSDMKTr28cnawT+PwHMY="},"chainType":1,"messageKeys":{}}}}},"version":"v1"}