{"_sessions":{"BRo+zqPPcVhzW+TusmcLRgOWAnnu4b8DitwdAa0VAKpH":{"registrationId":1919055589,"currentRatchet":{"ephemeralKeyPair":{"pubKey":"BfgFmvj3LYQzCjOTZnNM1Efu88TIGTG2LVzgDQgPOWo+","privKey":"kHP+KGoowGoxgnoMTP4utCSaVLSZ59WiX0QsLVF1nUQ="},"lastRemoteEphemeralKey":"BS3zyntb9OB+TVXj2ciiHlEsiO1G3QVcOLghvo3F6Jt7","previousCounter":0,"rootKey":"kc5S1zmKAxU8FnrxTVoU4qA4Sx7+UM485ImFYmkPABQ="},"indexInfo":{"baseKey":"BRo+zqPPcVhzW+TusmcLRgOWAnnu4b8DitwdAa0VAKpH","baseKeyType":2,"closed":-1,"used":1724292650472,"created":1724292650472,"remoteIdentityKey":"BQBagzvUfAFZC/COqaPFGg1nfz0aJuRsCU6hsff2Hgpk"},"_chains":{"BS3zyntb9OB+TVXj2ciiHlEsiO1G3QVcOLghvo3F6Jt7":{"chainKey":{"counter":1,"key":"LYvtQSnnC6NREUcz9c2QrMKYetZP6Ub+kYdQQZE9gbA="},"chainType":2,"messageKeys":{}},"BfgFmvj3LYQzCjOTZnNM1Efu88TIGTG2LVzgDQgPOWo+":{"chainKey":{"counter":-1,"key":"hg+dp3KWsDWTeaI6Erkbycf8gCK5ZqojqAnCwMD/7Hg="},"chainType":1,"messageKeys":{}}}}},"version":"v1"}