{"_sessions":{"BXBgexr1beoVFMk5uJXd3zTdVnmZ2Kqv5efQz8na/b47":{"registrationId":456155177,"currentRatchet":{"ephemeralKeyPair":{"pubKey":"BSnYEQGOGkXMw0wAQ8oa740gSxYDelOFz95KsUKC1qYT","privKey":"WJ65eHBFUXem84ihcttGPSZj3dDyfn2AtXXSoTYUWUQ="},"lastRemoteEphemeralKey":"BREOJZLM9iJ9BIx3CmglB+MDoLOQ6JbWFA6F3p2LhFBU","previousCounter":0,"rootKey":"G15MuVOhqYMOfL1boxbkm3fdd5uNMdRylpE2xk34TH8="},"indexInfo":{"baseKey":"BXBgexr1beoVFMk5uJXd3zTdVnmZ2Kqv5efQz8na/b47","baseKeyType":2,"closed":-1,"used":1724292649684,"created":1724292649684,"remoteIdentityKey":"BWeg9iSoSUQM/rVDVqnH+YZLLJhrt5c+c7I+iuZVsPFC"},"_chains":{"BREOJZLM9iJ9BIx3CmglB+MDoLOQ6JbWFA6F3p2LhFBU":{"chainKey":{"counter":1,"key":"fMjvMaRuSm4mM2ndjzBRiXVh9gKmyarCsEptpbY/tJo="},"chainType":2,"messageKeys":{}},"BSnYEQGOGkXMw0wAQ8oa740gSxYDelOFz95KsUKC1qYT":{"chainKey":{"counter":-1,"key":"Q79tHZ8QdS9q1f/qzl17MFu7pCtIFQeJ/vAOAVKf9C4="},"chainType":1,"messageKeys":{}}}}},"version":"v1"}