{"_sessions":{"BcXt3zmPO2/91KYGqdhSNEPCp0IJIKtoyJv5cr0A2ZMk":{"registrationId":1857263351,"currentRatchet":{"ephemeralKeyPair":{"pubKey":"BbVVvgPwSj8/UuEErb3dHcc8YofvT9ChgoNeUn53vSos","privKey":"qDtrLsyi3Pxi2Wy4U55GKLmE8VAmh6A9cThqHY60vE8="},"lastRemoteEphemeralKey":"BYREIYjal71r8jiD1skhfkDQclzN5GMYW5HUMiNCM9hc","previousCounter":0,"rootKey":"2yNZ7iOFbm8XSt6j1oOQTAF3+Y/t+Jry0ZEdRRrDga0="},"indexInfo":{"baseKey":"BcXt3zmPO2/91KYGqdhSNEPCp0IJIKtoyJv5cr0A2ZMk","baseKeyType":2,"closed":-1,"used":1724280005158,"created":1724280005158,"remoteIdentityKey":"BSx3kl3y299mzTgreyTKY+wgdrwN6ypJZ5bkPW9rb1Yy"},"_chains":{"BYREIYjal71r8jiD1skhfkDQclzN5GMYW5HUMiNCM9hc":{"chainKey":{"counter":0,"key":"yPqHh22ZtKUhm1vNTqAqb8xovcACvV/vvjmxIBbAf8A="},"chainType":2,"messageKeys":{}},"BbVVvgPwSj8/UuEErb3dHcc8YofvT9ChgoNeUn53vSos":{"chainKey":{"counter":-1,"key":"1/YxTnzqeT440TxWsXTrjXFjgh+VxojgIBv6KLpHq+Q="},"chainType":1,"messageKeys":{}}}}},"version":"v1"}