{"_sessions":{"BUnzEL1EmM3qgHbiFmgtGp9/yCe50ScvJHonmeVR2Dgi":{"registrationId":1367603896,"currentRatchet":{"ephemeralKeyPair":{"pubKey":"BZ+rRrmYiW5OTnJOpY97q1UxijCF+pR9XmuUXSUMhyFx","privKey":"4MwNPaMP7/wYyE4wt/8TlEd7ELfbut/lXFDyn4G8fHw="},"lastRemoteEphemeralKey":"BdWSNMIbxMWnLmv2v9BsqaeYmi4fLwTfUdjr7Fnm8AQx","previousCounter":0,"rootKey":"WU1IE+Kvdbp2eNixOpRCTS+xOzbz7soxXW8PU6zgdjI="},"indexInfo":{"baseKey":"BUnzEL1EmM3qgHbiFmgtGp9/yCe50ScvJHonmeVR2Dgi","baseKeyType":2,"closed":-1,"used":1724276030883,"created":1724276030883,"remoteIdentityKey":"BafyzSZvH/fbgPXh+3l0ylUvqWXbMX+pWAF3suF5CGM8"},"_chains":{"BdWSNMIbxMWnLmv2v9BsqaeYmi4fLwTfUdjr7Fnm8AQx":{"chainKey":{"counter":0,"key":"XcQaX6Mn8B7Q5RbTL+ViouOxaWYHNZpTydfXoKRPB98="},"chainType":2,"messageKeys":{}},"BZ+rRrmYiW5OTnJOpY97q1UxijCF+pR9XmuUXSUMhyFx":{"chainKey":{"counter":-1,"key":"JQCKJOirEfpP8+6ps8Lx4IlZB7ryDpIZ15jAUX+urtM="},"chainType":1,"messageKeys":{}}}}},"version":"v1"}