{"_sessions":{"BVf211+p8Qez33EGulXfQAtwvJ3jEs2E+spzfvrN/617":{"registrationId":1653213504,"currentRatchet":{"ephemeralKeyPair":{"pubKey":"BfJhmJfyehGTvxAFJpEckpMVYfXGkrcVbvyjhUGv5KsU","privKey":"ANBH/h11wWRYjAfrZ8CPhfZAA7j9o7md5M6eEp3vWlk="},"lastRemoteEphemeralKey":"BQ6YsbMxPq+tqHXkkTUqWwf94V4cyepBfgsB5E/dnNR5","previousCounter":0,"rootKey":"N78C2xVaW1u9aGbeDM68HiTjq2xtFksZ9VfZEFmGe0M="},"indexInfo":{"baseKey":"BVf211+p8Qez33EGulXfQAtwvJ3jEs2E+spzfvrN/617","baseKeyType":2,"closed":-1,"used":1724292646184,"created":1724292646184,"remoteIdentityKey":"BX+/vsXlUQBvetNmcHaKlLknB6Hh97KjVEIkI4kiiNoD"},"_chains":{"BQ6YsbMxPq+tqHXkkTUqWwf94V4cyepBfgsB5E/dnNR5":{"chainKey":{"counter":0,"key":"14HXbFcdYliHBMnBmyvgi/5t7HuigKky1Yk9O5S5axI="},"chainType":2,"messageKeys":{}},"BfJhmJfyehGTvxAFJpEckpMVYfXGkrcVbvyjhUGv5KsU":{"chainKey":{"counter":-1,"key":"KPwF/h6pPXymFtqvxWWBkni/3WPj9QiRXd5tjKukCsc="},"chainType":1,"messageKeys":{}}}}},"version":"v1"}