{"_sessions":{"BbYAMvEwEj+AlU2p3SDkfVa+k8f8Ch4lmq0odlzMHmZF":{"registrationId":1759693474,"currentRatchet":{"ephemeralKeyPair":{"pubKey":"BRqH92/olpBy/hMt7fcE8qwbAj2FI9uw3tReGKsCYOtZ","privKey":"UPKyvyUxqBxziAXHC/HxIZm+hgeesKIgvSXdHvINpno="},"lastRemoteEphemeralKey":"BY7FIzbqY/BzCWzmWQFQbxB69VaLtKZKBDPzh4nSVDNW","previousCounter":0,"rootKey":"scfFueK+A5Xm5ULs3MYHf5t13LlFihEp+B/JmwOjGUk="},"indexInfo":{"baseKey":"BbYAMvEwEj+AlU2p3SDkfVa+k8f8Ch4lmq0odlzMHmZF","baseKeyType":2,"closed":-1,"used":1724278381327,"created":1724278381327,"remoteIdentityKey":"BdwDBdSkwBtLiS4LcuUPN4onrMIDgRRF8kvb8VxvsHlq"},"_chains":{"BY7FIzbqY/BzCWzmWQFQbxB69VaLtKZKBDPzh4nSVDNW":{"chainKey":{"counter":2,"key":"VI8C2vrKO+T4009ujvHoHRocnlyObtRTM88SwA8jHKY="},"chainType":2,"messageKeys":{}},"BRqH92/olpBy/hMt7fcE8qwbAj2FI9uw3tReGKsCYOtZ":{"chainKey":{"counter":-1,"key":"lefLJeSVFAzFWvLQfhExEE29ZEJCsP3TTGnJBwRLx/s="},"chainType":1,"messageKeys":{}}}}},"version":"v1"}