{"_sessions":{"BXlEs4gp7sriJof7A+XShqluNYmwWo2Gk4GK+EAux55a":{"registrationId":897506521,"currentRatchet":{"ephemeralKeyPair":{"pubKey":"BYxJ2hy3osb4CcdH2NWPN0ApE1idxFxJKqhT7sOpa0YW","privKey":"IArMfzQ+lzweZszVlAaGHZhYnTfLYHmeX5lSfoHE8mc="},"lastRemoteEphemeralKey":"BZ227EMsNtnl87x0z2/Sue8RENTnTmlAlYV5Ldvg2A4a","previousCounter":0,"rootKey":"JNbTVauAJg1jOmhnm0qBrXNZJDCHDtaEQb5iMIBM8jM="},"indexInfo":{"baseKey":"BXlEs4gp7sriJof7A+XShqluNYmwWo2Gk4GK+EAux55a","baseKeyType":2,"closed":-1,"used":1724279849362,"created":1724279849362,"remoteIdentityKey":"BQKu1F6kR5FBJnsQ8CHwsP6nGrc5f/YlErFjQptfkwY9"},"_chains":{"BZ227EMsNtnl87x0z2/Sue8RENTnTmlAlYV5Ldvg2A4a":{"chainKey":{"counter":0,"key":"VnHy0lavtosVXXK9yacQp++WhhHseEnJAdYTZD1Rcio="},"chainType":2,"messageKeys":{}},"BYxJ2hy3osb4CcdH2NWPN0ApE1idxFxJKqhT7sOpa0YW":{"chainKey":{"counter":-1,"key":"NdWhdH55varD/gVb980NsQrhGWJq92rgOS06+6hWoIc="},"chainType":1,"messageKeys":{}}}}},"version":"v1"}