{"_sessions":{"BavgIi9sAodddli0cykIAiBdN8U3sOtx87Iz3OJlDgtX":{"registrationId":358705702,"currentRatchet":{"ephemeralKeyPair":{"pubKey":"BaTLp1ZoFw+ffevPvsK19G+g5UVZdjhgoRsvRzibkBx+","privKey":"mD3lU7NWUP1NsMOlL83sQA0i1L/9auQNH2CQwI76EWA="},"lastRemoteEphemeralKey":"BS3GIASbF4XTHwibgEpyxsF56zTJqEyUmI0eFeb2EPh+","previousCounter":0,"rootKey":"cW6IWxL60ZMFTha9T7iHr57mSHsKW6AeLnuckv6kU3o="},"indexInfo":{"baseKey":"BavgIi9sAodddli0cykIAiBdN8U3sOtx87Iz3OJlDgtX","baseKeyType":2,"closed":-1,"used":1724273137236,"created":1724273137236,"remoteIdentityKey":"BavPlb3BcCW8m58tE8L5HytCGtj1asaHPeRoOpk4u0p6"},"_chains":{"BS3GIASbF4XTHwibgEpyxsF56zTJqEyUmI0eFeb2EPh+":{"chainKey":{"counter":3,"key":"6zdCRDizS6wa3VgNN5Df4jOuM/IRG28sGa7SZeO/B50="},"chainType":2,"messageKeys":{}},"BaTLp1ZoFw+ffevPvsK19G+g5UVZdjhgoRsvRzibkBx+":{"chainKey":{"counter":-1,"key":"sY9GADtMUnNEsQHry2VIsVVuJkeHpPVeZeem9OXIsrM="},"chainType":1,"messageKeys":{}}}}},"version":"v1"}